Latitud,Longitud,Regional,Provincia,Ciudad,Tipo_CS,Nombre_agencia,Sector,Direccion,Telefono,Supervisor,Entrega_en_oficina,Hora_promedio_entrega,Horario_Lunes_Viernes,Horario_fin_semana,Email
-1.280759,-80.419385,SUR,MANABI,24 DE MAYO,CRESS,24 DE MAYO_PADRE LASSO,CENTRO,PADRE LASSO Y SUCRE FRENTE A OFICINA DE CNEL,0998995647,TANIA YESENIA GARCIA LUNA,SI,10H00,08H30 A 12H30 - 13H30 A 16H30,08H30 A 12H30,cspadrelasso.24demayo@gmail.com
-4.01799202,-80.01947021,SUR,LOJA,ALAMOR,CONCESION,ALAMOR_ALAMOR_CANONIGO,SUR,SIMON BOLIVAR Y CANONIGO AGUIRRE,09-92182721,SIERRA HIDALGO CRISTIAN PATRICIO,SI,12H30,09H00 A 12H00 - 13H00 A 17H00,09H00 A 14H00,csavcanonigo.alamor@gmail.com
-2.204542,-78.846715,NORTE,CHIMBORAZO,ALAUSI,DIRECTO,ALAUSI_PRINCIPAL,CENTRO,GARCIA MORENO S/N Y MEXICO,03-3732000 EXT 3300,CHRISTIAN EDUARDO BARONA RAMIREZ,SI,09H00,08H00 A 13H00 Y 15H00 A 17H00,NO LABORA,csprincipal.alausi@servientrega.com.ec
-0.468425,-78.5864752,NORTE,PICHINCHA,ALOAG,CONCESION,ALOAG_PRINCIPAL,CENTRO,FERNANDO CASTRO S/N Y BAHIA DE CARAQUEZ,0962783472,MARIA SOLEDAD OVIEDO CARGUACUNDO,SI,14H00,08H30 A 12H00- 12H30 A 18H00,09H00 A 13H00,csaloag.principal@hotmail.com
-1.240756,-78.630987,NORTE,TUNGURAHUA,AMBATO,DIRECTO,AMBATO_CASTILLO,CENTRO,CUENCA 15-06 Y CASTILLO,03-3732000 EXT 3305,TREJO BATIOJA ELIANA KATHERINE,SI,11H30,09H00 A 13H00 Y 14H00 A 18H00,09H00 A 13H00,cscastillo.ambato@servientrega.com.ec
-1.2409439,-78.6298661,NORTE,TUNGURAHUA,AMBATO,CRESS,AMBATO_DHL,CENTRO,MONTALVO 03 01 Y ROCAFUERTE,03-2423040,TREJO BATIOJA ELIANA KATHERINE,NO,-,08H00 A 17H00,09H00 A 12H00,veronica.armas@cislatam.com
-1.2374904,-78.6336984,NORTE,TUNGURAHUA,AMBATO,DIRECTO,AMBATO_FICOA,NORTE,AV DE LOS GUAYTAMBOS 476 Y MONTALVO,03-3732000 EXT 3302,TREJO BATIOJA ELIANA KATHERINE,NO,-,09H00 A 13H00 Y 14H00 A 18H00,NO LABORA,csficoa.ambato@servientrega.com.ec
-1.2339471,-78.6272249,NORTE,TUNGURAHUA,AMBATO,DIRECTO,AMBATO_GONZALEZ SUAREZ,CENTRO,HUMBERTO ALBORNOZ 02-130,3732000 EXT 3325,TREJO BATIOJA ELIANA KATHERINE,SI,11H00,09H00 A 13H00 - 14H00 A 18H00,09H00 - 13H00,csgonzalezsuarez.ambato@servientrega.com.ec
-1.27477,-78.6300281,NORTE,TUNGURAHUA,AMBATO,CRESS,AMBATO_HUACHI CHICO,NORTE,JOSE PERALTA S/N Y JESUS CALLE,0995152584,TREJO BATIOJA ELIANA KATHERINE,SI,11H00,09H00 A 13H00 - 14H00 A 18H00,09H00 A 13H00,cshuachichico.ambato@hotmail.com
-1.3079468,-78.6367428,NORTE,TUNGURAHUA,AMBATO,DIRECTO,AMBATO_HUACHI GRANDE,SUR,AV. ATAHUALPA S/N Y NEVADA,3732000 ext 3322,TREJO BATIOJA ELIANA KATHERINE,SI,11H00,09H00 A 13H00 - 14H00 A 18H00,NO LABORA,cshuachigrande.ambato@servientrega.com.ec
-1.276244,-78.624041,NORTE,TUNGURAHUA,AMBATO,CRESS,AMBATO_HUACHI SOLIS,SUR,AV. JULIO JARAMILLO Y CARLOS TORO,0987768021,TREJO BATIOJA ELIANA KATHERINE,SI,11H00,09H00 A 13H00 Y 14H00 A 18H00,09H00 A 13H00,cshuachisolis.ambato@hotmail.com
-1.225833,-78.600356,NORTE,TUNGURAHUA,AMBATO,DIRECTO,AMBATO_IZAMBA 1,NORTE,RODRIGO PANCHANO SN Y 22 DE ENERO,03-3732000 EXT 3320,TREJO BATIOJA ELIANA KATHERINE,SI,10H30,08H00 A 13H00 - 14H00 A 18H00,09H00 A 13H00,csizamba.ambato@servientrega.com.ec
-1.261939,-78.628434,NORTE,TUNGURAHUA,AMBATO,DIRECTO,AMBATO_LA ATAHUALPA,SUR,AV. ATAHUALPA S/N Y MARCOS MONTALVO,03-3732000 EXT 3301,TREJO BATIOJA ELIANA KATHERINE,SI,11h00,08H00 A 16H30,NO LABORA,cslaatahualpa.ambato@servientrega.com.ec
-1.267744,-78.633274,NORTE,TUNGURAHUA,AMBATO,CRESS,AMBATO_LA FLORESTA,SUR,AV VICTOR HUGO ENTRE ERNESTO ALBAN Y JACOME,0983974312,TREJO BATIOJA ELIANA KATHERINE,SI,14H00,09H00 A 13H00 - 14H00 A 18H00,09H00 A 13H00,cslafloresta.ambato@hotmail.com
-1.2351134,-78.6207982,NORTE,TUNGURAHUA,AMBATO,DIRECTO,AMBATO_LA MERCED,CENTRO,PRIMERA IMPRENTA S/N Y ABDON CALDERON,03-3732000 EXT 3307,TREJO BATIOJA ELIANA KATHERINE,SI,11H00,09H00 A 18H00,09H00 A 13H00,cslamerced.ambato@servientrega.com.ec
-1.2594614,-78.6400695,NORTE,TUNGURAHUA,AMBATO,DIRECTO,AMBATO_MANUELA SAENZ,SUR,MANUELA SAENZ S/N Y BARCELONA,3732000 EXT 3327,TREJO BATIOJA ELIANA KATHERINE,SI,11H00,09H00 A 13H00 - 14H00 A 18H00,09H00 A 13H00,csmanuelasaenz.ambato@servientrega.com.ec
-1.240734,-78.627917,NORTE,TUNGURAHUA,AMBATO,DIRECTO,AMBATO_MARTINEZ,CENTRO,AV. MARTINEZ 05-32 ENTRE BOLIVAR Y SUCRE,03-3732000 EXT 3303,TREJO BATIOJA ELIANA KATHERINE,SI,11H00,09H00 A 13H00 - 14H00 A 18H00,NO LABORA,csmartinez.ambato@servientrega.com.ec
-1.257024,-78.633835,NORTE,TUNGURAHUA,AMBATO,CRESS,AMBATO_MERCADO SUR,SUR,ANTONIO CLAVIJO S/N Y ANICETO JORDAN MANZANO,0999984154,TREJO BATIOJA ELIANA KATHERINE,SI,11H00,09H00 A 13H00 - 14H00 A 18H00,09H00 A 13H00,csmercadosur.ambato@hotmail.com
-1.232343,-78.641621,NORTE,TUNGURAHUA,AMBATO,CRESS,AMBATO_PINLLO,CENTRO,MAUGERI S/N Y EL COSMOS,0980760458,TREJO BATIOJA ELIANA KATHERINE,SI,14H00,09H00 A 13H00 - 14H00 A 18H0,09H00 A 13H00,cspinllo.ambato@hotmail.com
-1.263243,-78.612553,NORTE,TUNGURAHUA,AMBATO,CRESS,AMBATO_POLIDEPORTIVO,NORTE,BOLIVARIANA S/N Y REAL AUDIENCIA,0995691419,TREJO BATIOJA ELIANA KATHERINE,SI,11H00,09H00 A 13H00 - 14H00 A 18H00,09H00 A 13H00,cspolideportivo.ambato@hotmail.com
-1.1953377,-78.5948687,NORTE,TUNGURAHUA,AMBATO,DIRECTO,AMBATO_PRINCIPAL,NORTE,AV. PRIMERA S/N Y CALLE D,03-3732000 EXT 3130,TREJO BATIOJA ELIANA KATHERINE,SI,08H30,09H00 A 13H00 - 14H00 A 18H00,09H00 A 13H00,csprincipal.ambato@servientrega.com.ec
-1.2534572,-78.6299372,NORTE,TUNGURAHUA,AMBATO,DIRECTO,AMBATO_SAN ANTONIO,CENTRO SUR,RUMINAHUI 07-22 Y SHYRIS,3732000 ext 2359,TREJO BATIOJA ELIANA KATHERINE,SI,11H00,09H00 A 13H00 - 14H00 A 18H00,NO LABORA,cssanantonio.ambato@servientrega.com.ec
-1.280045,-78.659863,NORTE,TUNGURAHUA,AMBATO,CONCESION,AMBATO_SANTA ROSA,SUROESTE,VIA A GUARANDA S/N Y VIA A ECUATRAN,0990200017,TREJO BATIOJA ELIANA KATHERINE,SI,14H00,09H00 A 18H00,09H00 A 13H00,cssantarosa.ambato@hotmail.com
-1.2965577,-78.6036525,NORTE,TUNGURAHUA,AMBATO,CRESS,AMBATO_UNIANDES,NORTE,AV. BOLIVARIANA Y GUSTAVO ALVAREZ GONZALEZ,0997758363,TREJO BATIOJA ELIANA KATHERINE,SI,11H00,09H00 A 13H00- 14H00 A 18H00,09H00 A 13H00,csuniandes.ambato@hotmail.com
-1.270461,-78.626530,NORTE,TUNGURAHUA,AMBATO,CRESS,AMBATO_UTA,NORTE,RIO PAYAMINO S/N Y AV. DE LOS CHASQUIS,0992893146,TREJO BATIOJA ELIANA KATHERINE,SI,10H00,09H00 A 13H00 - 14H00 A 18H00,09H00 A 13H00,csuta.ambato1@hotmail.com
-2.3238632,-80.8547462,SUR,SANTA ELENA,ANCON,CRESS,ANCON_BARRIO CENTRAL,NOROESTE,BARRIO CENTRAL DIAGONAL UPC ZONA CENTRICA,0978840210,OMAR CRISTOBAL MACIAS MAYOR,SI,14H00,09H00 A 18H00,09H30 A 14H30,csbarriocentral.ancon@gmail.com
-0.911634,-77.807184,NORTE,NAPO,ARCHIDONA,CONCESION,ARCHIDONA_PRINCIPAL,CENTRO,PASAJE CORONEL PAEZ S/N Y CIRCUNVALACION,0939530430,TREJO BATIOJA ELIANA KATHERINE,SI,15H00,09H00 A 12H00 - 13H00 A 17H00,09H00 A 12H00,csarchidona.principal@hotmail.com
-3.554640,-80.061827,SUR,EL ORO,ARENILLAS,CONCESION,ARENILLAS_EDMUNDO CHIRIBOGA,CENTRO,EDMUNDO CHIRIBOGA E/ JUAN MONTALVO Y PIO MONTUFAR,0958850946 - 0968523990,RAMIREZ GONZALEZ JUAN CARLOS,SI,14H00,09:00 a 13:00 - 14:00 a 17:00,10H00 A 14H00,csedmundochiriboga.arenilla@gmail.com
-0.0835965,-78.2917303,NORTE,PICHINCHA,ASCAZUBI,CONCESION,ASCAZUBI_PRINCIPAL,CENTRO,GUAYAQUIL Y ELOY ALFARO,0987952751 - 0995852383,PABLO ARTURO AILLON CERVANTE,SI,14H00,09H30 A 13H30 - 14H30 A 18H00,09H30 A 13H30,csprincipal.ascazubi@hotmail.com
0.868394,-79.850777,NORTE,ESMERALDAS,ATACAMES,DIRECTO,ATACAMES_PRINCIPAL,CENTRO,CALLE 22 N SL15 Y VIA SECUNDARIA,06-3732000 EXT 6300,VELASCO BAILON NANCY ELIZABETH,SI,14H00,08H00 A 12H00 Y 13H00 A 17H30,08H00 A 13H00,csprincipal.atacames@servientrega.com.ec
0.3329049,-78.2179774,NORTE,IMBABURA,ATUNTAQUI,CRESS,ATUNTAQUI_CENTRO,CENTRO,OLMEDO S/N Y SUCRE,06-5008520 - 0992950285,ANDRADE GUERRERO JAIME ERNESTO,SI,11H00,08H00 A 13H00 - 14H00 A 17H30,09H00 A 13H00,cscentro.atuntaqui@hotmail.com
0.3271292,-78.2152867,NORTE,IMBABURA,ATUNTAQUI,DIRECTO,ATUNTAQUI_PRINCIPAL,NORTE,PANAMERICANA SUR Y GONZALEZ SUAREZ,06-3732000 EXT 6301,ANDRADE GUERRERO JAIME ERNESTO,SI,10H00,08H00 A 13H00 Y 14H00 A 17H00,08H00 A 12H00,glenda.marquez@servientrega.com.ec
-2.7470603,-78.8529207,SUR,CANAR,AZOGUES,CRESS,AZOGUES_16 DE ABRIL,SUR,AV 16 DE ABRIL Y CALLE S/N REF. ATRÁS DE LA LAVADORA DEL RIO Y MEGAHIERRO,0939900182,ROSA HERMELINDA QUITO SINCHI,SI,10H00,08H30 A 12H00 - 13H00 A 18H00,09H00 A 13H00,csav16deabril.azogues@gmail.com
-2.738388,-78.846946,SUR,CANAR,AZOGUES,CRESS,AZOGUES_SOLANO,CENTRO,CALLE SOLANO Y MATOVELLE,0983993473,ROSA HERMELINDA QUITO SINCHI,SI,10H00,08H30 A 13H30 - 14H00 A 18H30,09H00 A 12H30,cssolano.azogues@gmail.com
-1.78333,-79.6667,SUR,LOS RIOS,BABA,CONCESION,BABA_CALLE GUAYAQUIL,NORTE,CALLE GUAYAQUIL NUMERO 0 Y BARONA REF A 50 METROS DE AGRIPAC FRENTE AL COMERCIAL TRES HERMANOS,0995790473,ESPIN OVIEDO JOSE EUCLIDES,SI,10H00,09H30 A 16H30,09H30 A 12H00,cscalleguayaquil.baba@gmail.com
-1.801871,-79.514025,SUR,LOS RIOS,BABAHOYO,CRESS,BABAHOYO_AV. UNIVERSITARIA,NORTE,AV UNIVERSITARIA Y CALLE W FRENTE UNIVERDIDAD TECNICA DE BABAHOYO,0989010866,ESPIN OVIEDO JOSE EUCLIDES,SI,10H00,08H30 A 13H00 - 14H00 A 17H30,09H00 A 13H00,CSAVUNIVERSITARIA.BABAHOYO@GMAIL.COM
-1.794489,-79.527194,SUR,LOS RIOS,BABAHOYO,CRESS,BABAHOYO_BARREIRO VIADUCTO,NORTE,AV CLEMENTE BAQUERIZO Y TRANSVERSAL,0967764220,ESPIN OVIEDO JOSE EUCLIDES,SI,12H00,08H00 A 18H30,08H00 A 16H00,servientregabarreiro@gmail.com
-1.811688,-79.544237,SUR,LOS RIOS,BABAHOYO,CRESS,BABAHOYO_BY PASS,SUR,AV.25 DE JUNIO BY PASS TERMINAL TERRESTRE BABAHOYO,0967470571,ESPIN OVIEDO JOSE EUCLIDES,SI,10H00,08:00 a 17:00,09:00 A 13:00,csbypass.babahoyo@gmail.com
-1.80378,-79.53505,SUR,LOS RIOS,BABAHOYO,CRESS,BABAHOYO_CALLE 6 DE OCTUBRE,NORTE,CALLE 6 DE OCTUBRE S/N E ISAIAS CHOPITEA,0990681168,ESPIN OVIEDO JOSE EUCLIDES,SI,10H00,08H30 A 17H00,09H00 A 12H00,cs6deoctubre.babahoyo@gmail.com
-1.801816,-79.532267,SUR,LOS RIOS,BABAHOYO,DIRECTO,BABAHOYO_CALLE JUAN X MARCOS,NORTE,CALLE JUAN X MARCOS NUMERO 550 Y MARTIN ICAZA REF A 50 METROS DE LA FARMACIA CRUZ AZUL,3732000 EXT 5314,ESPIN OVIEDO JOSE EUCLIDES,SI,09H30,08H00 A 12H00- 13H00 A 18H00,08H30 A 12H30,cscallejuanxmarcos.babahoyo@servientrega.com.ec
-1.833921,-79.546330,SUR,LOS RIOS,BABAHOYO,DIRECTO,BABAHOYO_CRUCE CHILINTOMO,SUR,CRUCE DE CHILINTOMO - KM 1 VIA GUAYAQUIL,05-3732000 EXT 5110,ESPIN OVIEDO JOSE EUCLIDES,SI,09H00,08H00 A 18H30,08:00 a 12:00,cscrucechilintomo.babahoyo@servientrega.com.ec
-1.801200,-79.537893,SUR,LOS RIOS,BABAHOYO,DIRECTO,BABAHOYO_EDIFICIO JUAN LORENZO,SUR,10 DE AGOSTO 1527 E/ RICAURTE Y BARREIRO,05-3732000 EXT 5300,ESPIN OVIEDO JOSE EUCLIDES,SI,11H00,08:00 a 12:00 - 14:00 a 18:00,08:00 a 12:00,csedificiojuanlorenzo.babahoyo@servientrega.com.ec
-1.799017,-79.534354,SUR,LOS RIOS,BABAHOYO,CRESS,BABAHOYO_GENERAL BARONA,CENTRO,GENERAL BARONAL Y ROCAFUERTE,0995790473,ESPIN OVIEDO JOSE EUCLIDES,SI,10H00,09H00 A 13H00 Y 14H00 A 18H00,NO LABORA,csgeneralbarona.babahoyo@gmail.com
-0.461357,-77.9078457,NORTE,NAPO,BAEZA,CONCESION,BAEZA_PRINCIPAL,CENTRO,VIA A QUITO 201 Y LA Y DE BAEZA,0981800870,PABLO ARTURO AILLON CERVANTE,SI,12H00,08H00 A 12H00 Y 13H00 A 17H00,08H00 A 12H00,baeza.principal@hotmail.com
-0.603676,-80.423616,SUR,MANABI,BAHIA DE CARAQUEZ,CONCESION,BAHIA DE CARAQUEZ_MALECON,CENTRO,AV MALECON S/N ENTRE ANTONIO ANTE Y AGUILERA,0980518138,TANIA YESENIA GARCIA LUNA,SI,09H30,08H00 A 12H00 - 13H00 A 17H00,08H00 A 12H00,CSMALECONCALLEANTONIOANTE.BAHIA@GMAIL.COM
-2.216383,-80.866300,SUR,SANTA ELENA,BALLENITA,CRESS,BALLENITA_TT SUMPA,NORTE,VA A BALLENITA - DIAGONAL A LA OFICINA DE LA COOP.,0982497160,OMAR CRISTOBAL MACIAS MAYOR,NO,-,08H00 A 18H00,08H30 A 17H00,csttsumpa.ballenita@gmail.com
-3.7614,-79.8245,SUR,EL ORO,BALSAS,CONCESION,BALSAS_PADRE GUZMAN,CENTRO,PADRE GUZMAN AYORA C.BALSAS,968523999,RAMIREZ GONZALEZ JUAN CARLOS,SI,14H00,08:30 a 12:00 - 14:00 a 18:00,09H00 A 13H00,cspadreguzman.balsas@gmail.com
-1.366634,-79.908459,SUR,GUAYAS,BALZAR,CONCESION,BALZAR_BALZAR,CENTRO,26 DE SEPTIEMBRE S/N Y OLMEDO,04-2031407,BETANCOURT HOYOS ISABEL CRISTINA,SI,14H00,08H30 A 12H30 - 14H00 A 18H00,09H00 A 14H00,csbalzar.balzar@gmail.com
-1.396677,-78.423214,NORTE,TUNGURAHUA,BANOS,CONCESION,BANOS_PRINCIPAL,CENTRO,TOMAS HALFLANTS S/N Y ORIENTE,0987000558,TREJO BATIOJA ELIANA KATHERINE,SI,10H30,08H00 A 13H00 - 14H00 A 17H00,09H00 A 13H00,csprincipal.banos1@gmail.com
-2.713624,-78.889568,SUR,CANAR,BIBLIAN,CONCESION,BIBLIAN_ALBERTO OCHOA,CENTRO,ALBERTO OCHOA 857 Y 3 DE NOVIEMBRE,2230325 - 09-68532468,ROSA HERMELINDA QUITO SINCHI,SI,11H00,08:00 a 12:30 - 14:00 a 18:00,09:00 a 12:00,csalbertoochoa.biblian@gmail.com
1.0872452,-78.9889691,NORTE,ESMERALDAS,BORBON,CONCESION,BORBON_PRINCIPAL,CENTRO,HUMBERTO OBANDO SOLAR 17 Y RIO VERDE,0994705100,VELASCO BAILON NANCY ELIZABETH,SI,12H00,08H00 A 18H00,08H00 A 18H00,csprincipal.borbon@hotmail.com
-2.2013409,-79.1372155,SUR,GUAYAS,BUCAY,CONCESION,BUCAY_ELOY ALFARO,CENTRO,ELOY ALFARO 620 Y 9 DE OCTUBRE,04-2727929,BETANCOURT HOYOS ISABEL CRISTINA,SI,10H00,09H00 A 18H00,NO LABORA,cseloyalfaro.bucay@gmail.com
-0.899708,-79.4917756,SUR,LOS RIOS,BUENA FE,CONCESION,BUENA FE_AV. 7 DE AGOSTO,CENTRO,AV. 7 DE AGOSTO Y ANIBAL OYOLA.ESQUINA,05-2952489,CEDENO MAZAMBA HECTOR JAVIER,SI,10H00,08:30 a 13:00 - 14:00 a 17:00,08:30 a 12:00,csav7deagosto.buenafe@gmail.com
-0.84724,-80.164439,SUR,MANABI,CALCETA,CRESS,CALCETA_GRANDA CENTENO,SUR,10 DE AGOSTO Y GRANDA CENTENO,05-2686321,TANIA YESENIA GARCIA LUNA,SI,16H30,08:30 A 12:30 - 14:00 A 17:30,NO LABORA,csgrandacenteno.calceta@gmail.com
-2.1969597,-79.8815969,SUR,MANABI,CALDERON (MANABI),CONCESION,CALDERON (MANABI)_ABDON CALDERON,CENTRO,AV. ELOY ALFARO S/N Y CALLE SECUNDARIA,980073657,TANIA YESENIA GARCIA LUNA,SI,10H00,09H00 A 13H00 - 14H00 A 17H00,09H00 A 14H00,csabdoncalderon.calderonmanabi@gmail.com
-1.631254,-79.256229,SUR,BOLIVAR,CALUMA,CONCESION,CALUMA_AV. DE LA NARANJA,CENTRO,AV. DE LA NARANJA E/ JOSE AGUILAR Y ALFREDO CAMACHO,0999135521,CEDENO MAZAMBA HECTOR JAVIER,SI,14H00,08H30 A 12H30 - 14H00 A 17H00,14H00 A 17H00,csavdelanaranja.caluma@gmail.com
-2.5573656,-78.9373944,SUR,CANAR,CANAR,CONCESION,CANAR_AVE 24 DE MAYO,ESTE,AV 24 DE MAYO Y 10 DE AGOSTO FRENTE A FARMACIA SUIZA,0985854793,ROSA HERMELINDA QUITO SINCHI,SI,10H30,09H00 A 13H00 - 14H00 A 17H00,N/A,csave24demayo.canar@gmail.com
-2.5649662,-78.9383812,SUR,CANAR,CANAR,CRESS,CANAR_CRISTOBAL COLON,NORTE,AV CRISTOBAL COLON S/N Y CALLE QUILLIGANES FRENTE A GRAFIMAC,0959983575,ROSA HERMELINDA QUITO SINCHI,NO,11H00,08H30 A 12H00 - 13H00 A 16H30,N/A,cscristobalcolon.canar@gmail.com
-4.329461,-79.556233,SUR,LOJA,CARIAMANGA,CONCESION,CARIAMANGA_18 DE NOVIEMBRE,NORTE,18 DE NOVIEMBRE Y GERONIMO CARRION,0991593410,SIERRA HIDALGO CRISTIAN PATRICIO,SI,12H00,08H00 A 12H30 - 14H00 A 17H00,08H30 A 12H30,cs18dnoviembre.cariamanga@gmail.com
0.079603,-77.2113438,NORTE,SUCUMBIOS,CASCALES,CONCESION,CASCALES_PRINCIPAL,CENTRO,AV. QUITO SN Y BOLIVAR CENTRAL,06-2800361,MANYA CUJI MARCO ANTONIO,SI,12H00,08H00 A 12H30 - 14H00 A 18H00,08H00 A 12H00,cascales_principal@hotmail.com
-1.66498,-80.45952,SUR,MANABI,CASCOL,CONCESION,CASCOL_PRINCIPAL CASCOL,CENTRO,AV. JOSEFA PONCE S/N Y AV. 13 DE DICIEMBRE FRENTE AL D RESAK CEVICHERIA,0983680155,TANIA YESENIA GARCIA LUNA,SI,12H00,08H30 A 12H30 - 13H30 A 16H30,08H30 A 12H30,csprincipal.cascol@gmail.com
-3.988623,-79.353511,SUR,LOJA,CATAMAYO,CONCESION,CATAMAYO_CALLE SUCRE,CENTRO,SUCRE Y CHILE,07-2677265,SIERRA HIDALGO CRISTIAN PATRICIO,SI,11H00,09H00 A 12H00 - 13H00 A 18H00,09H00 A 15H00,cssucre.catamayo@gmail.com
0.043352,-78.1417705,NORTE,PICHINCHA,CAYAMBE,DIRECTO,CAYAMBE_CALLE VIVAR,CENTRO,CALLE VIVAR E1-33 Y TERAN,02-3732000 EXT 2326,PABLO ARTURO AILLON CERVANTE,SI,11H30,08H00 A 13H00 - 14H00 A 17H00,NO LABORA,cscallevivar.cayambe@servientrega.com.ec
0.0378344,-78.1473317,NORTE,PICHINCHA,CAYAMBE,CRESS,CAYAMBE_PARQUE RUBEN RODRIGUEZ,SUR,AV. NATALIA JARRIN S/N Y CHILE,0999690669,PABLO ARTURO AILLON CERVANTE,SI,12H00,08H30 A 12H30 - 13H00 A 18H00,09H00 A 14H00,csparqueruben.cayambe@hotmail.com
0.0469172,-78.1422301,NORTE,PICHINCHA,CAYAMBE,DIRECTO,CAYAMBE_PRINCIPAL,NORTE,ASCAZUBI N5-97 E IMBABURA,02-3732000 EXT 2325,PABLO ARTURO AILLON CERVANTE,SI,12H30,08H00 A 17H00,09H00 A 12H00,csprincipal.cayambe@servientrega.com.ec
-4.10370,-79.95533,SUR,LOJA,CELICA,CRESS,CELICA_10 DE AGOSTO,SUR,MANUELA CAIZAREZ Y 10 DE AGOSTO,0999446473,SIERRA HIDALGO CRISTIAN PATRICIO,SI,11H00,08H00 A 12H00 - 14H00 A 18H00,09H00 A 12H00,cs10dagosto.celica@gmail.com
-1.354836,-78.616869,NORTE,TUNGURAHUA,CEVALLOS,CONCESION,CEVALLOS_CENTRO,CENTRO,MANUEL VARGAS S/N Y ELIAS BUCHELI,0999935939,TREJO BATIOJA ELIANA KATHERINE,SI,12h00,09H00 A 13H00 - 15H00 A 18H00,09H00 - 12H00,servientrega.cevallos@hotmail.com
-1.727812,-78.5976317,NORTE,CHIMBORAZO,CHAMBO,CONCESION,CHAMBO_PRINCIPAL,CENTRO,18 DE MARZO S/N Y AMELIA GALLEGOS DIAZ,0987724506 / 0983362865,CHRISTIAN EDUARDO BARONA RAMIREZ,SI,11H00,09H00 A 13H00 - 15H00 A 18H00,09H00 A 13H00,csprincipal.chambo@hotmail.com
-2.412194,-80.686295,SUR,SANTA ELENA,CHANDUY,CONCESION,CHANDUY_12 DE OCTUBRE,SUROESTE,12 DE OCTUBRE Y JOSE LUIS TAMAYO ESQUINA,098 527 5670,OMAR CRISTOBAL MACIAS MAYOR,SI,13:30,08H30 A 17H00,08H00 A 12H00,cs12deoctubre.chanduy@gmail.com
-0.837234,-80.488865,SUR,MANABI,CHARAPOTO,CONCESION,CHARAPOTO_JOSE GILCES,CENTRO,JOSE GILCES/ELOY ALFARO Y 12 DE OCT.,05-2670652,TANIA YESENIA GARCIA LUNA,SI,09H00,08:00 A 12:00 - 14:00 A 17H00,NO LABORA,csjosegilces.charapoto@gmail.com
-1.942391,-79.068842,NORTE,BOLIVAR,CHILLANES,CONCESION,CHILLANES_CENTRAL,NORTE,10 DE AGOSTO S/N Y SAN MIGUEL,0985373303 / 0990899820,BYRON FABIAN MORA SANTOS,SI,14H00,09H00 A 13H00 - 14H00 A 18H00,09H00 A 13H00,csprincipal.chillanes@hotmail.com
-0.7069468,-80.107003,SUR,MANABI,CHONE,DIRECTO,CHONE_AV BY PASS,NORTE,AV. BY PASS S/N,3732000 EXT 5313,TANIA YESENIA GARCIA LUNA,SI,N/A,08H00 A 18H30,08H00 A 12H00,csavbypass.chone@servientrega.com.ec
-0.6971260,-80.0954650,SUR,MANABI,CHONE,DIRECTO,CHONE_AV. PICHINCHA,CENTRO,PICHINCHA S/N WASHINGTON Y PAEZ DIAG A COMPU STORE,3732000 ext 5303,TANIA YESENIA GARCIA LUNA,SI,N/A,08H30 A 12H30 - 14H00 A 18H00,08H30 A 12H30,csavpichincha.chone@servientrega.com.ec
-2.921292,-78.775237,SUR,AZUAY,CHORDELEG,CRESS,CHORDELEG_5 DE FEBRERO,CENTRO,5 DE FEBRERO Y 3 DE NOVIEMBRE,0968742420,ROSA HERMELINDA QUITO SINCHI,SI,11H00,09H00 A 12H30 - 14H00 A 18H00,09H00 A 12H30,cs5defebrero.chordeleg@gmail.com
-2.291089,-78.920409,NORTE,CHIMBORAZO,CHUNCHI,CONCESION,CHUNCHI_PRINCIPAL,CENTRO,CAPITAN RICAURTE 332 Y QUITO,03-2936146,CHRISTIAN EDUARDO BARONA RAMIREZ,SI,09H00,08H00 A 17H00,09H00 A 13H00,servientrega.chunchi@hotmail.com
-2.4680,-79.2968,SUR,CANAR,COCHANCAY,CRESS,COCHANCAY_AV 25 DE AGOSTO,CENTRO,CALLE VIA DURAN TAMBO S/N Y AV 25 DE AGOSTO - DIAGONAL RESTAURANT,0987004074,BETANCOURT HOYOS ISABEL CRISTINA,SI,11H00,09H00 A 12H30 - 13H30 A 17H00,09H00 A 13H00,csav25deagosto.cochancay@gmail.com
-1.547004,-80.010917,SUR,GUAYAS,COLIMES,CRESS,COLIMES_PADRE FIERRO,CENTRO,PADRE FIERRO S/N Y ROSENDO CARBO,04-2956088,BETANCOURT HOYOS ISABEL CRISTINA,SI,14H00,08:00 a 17:00,09:00 a 13:00,cspadrefierro.colimes@gmail.com
0.299377,-78.264356,NORTE,IMBABURA,COTACACHI,DIRECTO,COTACACHI_GONZALEZ SUAREZ,CENTRO,GONZALEZ SUAREZ S/N Y GARCIA MORENO,06-373200 EXT 6302,ANDRADE GUERRERO JAIME ERNESTO,SI,12H30,08H30 A 13H30 - 14H30 A 18H00,09H00 A 12H00,csprincipal.cotacachi@servientrega.com.ec
-2.9100416,-79.0222435,SUR,AZUAY,CUENCA,CRESS,CUENCA_12 DE OCTUBRE,SUR,12 DE OCTUBRE E ISABEL LA CATOLICA FRENTE AL REGISTO DE LA PROPIEDAD,0985924615,ROSA HERMELINDA QUITO SINCHI,SI,10H30,09H30 A 18H30,09H00 A 12H30,cs12deoctubre.cuenca@gmail.com
-2.915252,-79.037773,SUR,AZUAY,CUENCA,CRESS,CUENCA_AMERICAS,SUR,AV. DE LAS AMERICAS S/N Y NICOLAS ROCHA,07-4104389,ROSA HERMELINDA QUITO SINCHI,NO,-,09H00 A 13H30 - 15H30 A 18H30,N/A,csamericas.cuenca@gmail.com
-2.895318,-79.019016,SUR,AZUAY,CUENCA,DIRECTO,CUENCA_AV 12 DE ABRIL,CENTRO,AV 12 ABRIL Y UNIDAD NACIONAL,07-3732000 EXT 7303,ROSA HERMELINDA QUITO SINCHI,SI,-,09:00 A 13:00 - 15:00 A 19:30,09H00 A 12H30,csav12deabril.cuenca@servientrega.com.ec
-2.864923,-78.968645,SUR,AZUAY,CUENCA,CRESS,CUENCA_AV 25 DE MARZO,NORTE,AV 25 DE MARZO Y JUAN STROBELL ( FRENTE COLEGIO SUDAMERICANO),07-2891232,ROSA HERMELINDA QUITO SINCHI,SI,-,07:00 a 18:00,07:00 a 18:00,csav25demarzo.cuenca@gmail.com
-2.8882719,-78.9801102,SUR,AZUAY,CUENCA,CRESS,CUENCA_AV HURTADO DE MENDOZA,NORTE,AV HURTADO DE MENDOZA Y LLANGANATIS,0969067627,ROSA HERMELINDA QUITO SINCHI,SI,10H00,09H00 A 18H30,09H00 A 12H30,csavhurtadodemendoza.cuenca@gmail.com
-2.9131986,-79.0307227,SUR,AZUAY,CUENCA,CRESS,CUENCA_AV LOJA,SUR,LOJA S/N Y AV. DON BOSCO,958889363,ROSA HERMELINDA QUITO SINCHI,SI,10H30,08:00 A 12:30 -15:00 A 18:30,09:00 A 12:30,csavloja.cuenca@gmail.com
-2.8735307,-79.0044275,SUR,AZUAY,CUENCA,CRESS,CUENCA_AV MIRAFLORES,NORTE,CALLE MAPANAGUA S/N Y MANUEL ANTONIO MUÑOZ BORRERO JUNTO A ACCSESSNET,0990313030,ROSA HERMELINDA QUITO SINCHI,SI,11H00,09H00 A 18H00,09H00 A 12H30,csavmiraflores.cuenca@gmail.com
-2.8858214,-79.0081914,SUR,AZUAY,CUENCA,CRESS,CUENCA_AV. AMERICAS_LA BASILICA,CENTRO,AV DE LAS AMERICAS 4-112 Y NICANOR MERCHAN FRENTE A LA BASILICA,0964031530,ROSA HERMELINDA QUITO SINCHI,SI,11H00,09H00 A 13H00 - 15H00 A 18H30,09H00 A 12H30,cslabasilica.cuenca@gmail.com
-2.8891569,-78.9886905,SUR,AZUAY,CUENCA,DIRECTO,CUENCA_AV. GIL RAMIREZ DAVALOS,NORTE,AV.GIL RAMIREZ DAVALOS Y FRANCISCO PIZARRO N3-89 FRENTE A LA GASOLINERA PYS,043732000 EXT 7422,ROSA HERMELINDA QUITO SINCHI,SI,09H30,08H30 A 19H30,08H30 A 12H30,csavgilramirezdavalos.cuenca@servientrega.com.ec
-2.8971619,-78.9786549,SUR,AZUAY,CUENCA,CRESS,CUENCA_AV. GONZALEZ SUAREZ - MONAY,NORTE,AV. GONZALEZ SUAREZ S/N Y PANCHO VILLA 1 REF A UNA CUADRA DEL MONAY SHOPPING,0968114811,ROSA HERMELINDA QUITO SINCHI,SI,10H30,08H30 A 18H30,08H30 A 12H30,csavgonzalezsuarezmonay.cuenca@gmail.com
-2.92064,-79.06527,SUR,AZUAY,CUENCA,CRESS,CUENCA_AV. RICARDO DURAN,NORTE,AV. RICARDO DURAN Y 8 DE SEPTIEMBRE A UNA CUADRA DEL SINDICATO DE CHOFERES,0982370468,ROSA HERMELINDA QUITO SINCHI,SI,11H30,08H30 A 17H30,08H30 A 12H00,csavricardoduran.cuenca@gmail.com
-2.88161,-87.9620971,SUR,AZUAY,CUENCA,CRESS,CUENCA_CDLA KENNEDY,NORTE,PANAMERICANA NORTE Y ESCUADRON CEDENO,0983882127,ROSA HERMELINDA QUITO SINCHI,SI,10H00,09H00 A 13H00 - 15H00 A 18H00,09H00 A 12H30,cscdlakennedy.cuenca@gmail.com
-2.854243,-78.9129855,SUR,AZUAY,CUENCA,CRESS,CUENCA_CHALLUABAMBA,NORTE,CULTURA JAMA COAQUE Y AV. DEL BOMBERO,074075555,ROSA HERMELINDA QUITO SINCHI,NO,N/A,09H00 A 18H30,09H00 A 12H30,cschalluabamba.cuenca@gmail.com
-2.9261498,-78.9760193,SUR,AZUAY,CUENCA,CONCESION,CUENCA_CHILCAPAMBA,SUR,VIA CHILCAPAMBA S/N Y VALLE A 5 CUADRAS DE LA IGLESIA DEL VALLE,0992037822,ROSA HERMELINDA QUITO SINCHI,SI,10H00,08H30 A 13H00 - 14H00 A 18H30,08H30 A 12H30,cschilcapamba.cuenca@gmail.com
-2.84447,-78.8934349.17,SUR,AZUAY,CUENCA,DIRECTO,CUENCA_CL PANAMERICANA NORTE,NORTE,PANAMERICANA NORTE S/N KM 14 SECTOR CHALLUABAMBA,3732000 EXT 7306,ROSA HERMELINDA QUITO SINCHI,SI,08H30,08H30 A 19H30,08H30 A 15H00,csclpanamericananorte.cuenca@servientrega.com.ec
-2.915859,-79.010791,SUR,AZUAY,CUENCA,CRESS,CUENCA_DON BOSCO,SUR,AV. DON BOSCO 1-9 Y AV. SOLANO,0987177896,ROSA HERMELINDA QUITO SINCHI,SI,09H30,08:30 a 13:00 - 14:30 a 18:30,09H00 A 12:30,csdonbosco.cuenca@gmail.com
-2.901899,-78.996152,SUR,AZUAY,CUENCA,CRESS,CUENCA_EDIFICIO CONSORCIO,CENTRO,JAIME ROLDOS 4-40 Y HUAYNACAPAC,0995049360,ROSA HERMELINDA QUITO SINCHI,NO,-,09H00 A 18H30,10H00 A 12H00,csedificioconsorcio.cuenca@gmail.com
-2.889764,-78.963939,SUR,AZUAY,CUENCA,CRESS,CUENCA_GONZALES SUAREZ,NORTE,FEDERICO GONZALEZ SUAREZ Y AV DE LAS AMERICAS - PARROQUIA MACHANGARA,0996115542,ROSA HERMELINDA QUITO SINCHI,NO,-,08H30 A 18H30,08H30 A 12H30,csgonzalessuarez.cuenca@gmail.com
-2.900268,-79.003118,SUR,AZUAY,CUENCA,CRESS,CUENCA_JUAN JARAMILLO,CENTRO,JUAN JARAMILLO 6-82 Y ANTONIO BORRERO,09-98535295,ROSA HERMELINDA QUITO SINCHI,NO,-,08H30 A 18H30,09H00 A 12H30,csjuanjaramillo.cuenca@gmail.com
-2.893449,-79.003126,SUR,AZUAY,CUENCA,DIRECTO,CUENCA_LUIS CORDERO,CENTRO,LUIS CORDERO 12-64 E/ SANGURIMA Y VEGA MUNOZ,07-3732000 EXT 7302,ROSA HERMELINDA QUITO SINCHI,SI,10H00,09:00 A 13:00 - 14:00 A 19:00,09:00 A 12:30,csluiscordero.cuenca@servientrega.com.ec
-2%2C896446,-78%2C9978924,SUR,AZUAY,CUENCA,CRESS,CUENCA_MARISCAL LAMAR,CENTRO,CALLE MARISCAL LAMAR 2-28 Y MANUEL VEGA REF ENRRE EL BANCO DEL PACIFICO Y EL SUPERMERCADO SANTA CECILIA,0983205574,ROSA HERMELINDA QUITO SINCHI,SI,10H00,09H00 A 18H30,09H00 A 12H30,csmariscallamar.cuenca@gmail.com
-2.898301,-79.0030198,SUR,AZUAY,CUENCA,CRESS,CUENCA_MARISCAL SUCRE,ESTE,MARISCAL SUCRE S/N Y ANTONIO BORRERO CORTAZAR FRENTE A FARMACIA POPULAR,0959061009,ROSA HERMELINDA QUITO SINCHI,NO,no labora,08H00 A 19H00,09H00 A 17H00,veronica.armas@cislatam.com
-2.8547775,-78.9907789,SUR,AZUAY,CUENCA,CRESS,CUENCA_MAYANCELA,NORTE,CARRETERA DE LA COMPANIA S/N Y SENDERO Q DIAGONAL A MR MUEBLES,0989934736,ROSA HERMELINDA QUITO SINCHI,NO,11H00,08H00 A 18H00,08H00 A 12H00,csmayancela.cuenca@gmail.com
-2.9027881,-79.0280306,SUR,AZUAY,CUENCA,CRESS,CUENCA_MEXICO Y ELOY,SUR,AV MEXICO Y EL SALVADOR,0993828855,ROSA HERMELINDA QUITO SINCHI,SI,11H00,08:30 A 18:30,09:00 A12:30,csmexico.cuenca1@gmail.com
-2.9089542,-79.0002273,SUR,AZUAY,CUENCA,CRESS,CUENCA_MIGUEL CORDERO DAVILA,CENTRO,MIGUEL CORDERO DAVILA 1-66 Y PAUCARBAMBA,0992237642,ROSA HERMELINDA QUITO SINCHI,SI,10H30,09H00 A 18H30,09H00 A 12H00,CSMIGUELCORDERODAVILA.CUENCA@GMAIL.COM
-2.906509,-79.043642,SUR,AZUAY,CUENCA,CRESS,CUENCA_MISICATA,SUR,1 DE SEPTIEMBRE Y GUALAQUIZA,0983629408,ROSA HERMELINDA QUITO SINCHI,SI,11H00,09H00 A 13H00 - 14H30 A 18H30,09H00 A 12H30,CSMISICATA.CUENCA@GMAIL.COM
-2.936796,-79.045853,SUR,AZUAY,CUENCA,CRESS,CUENCA_NARANCAY,SUR,PANAMERICANA SUR JUNTO A SUPERMERCADO EL ECONOMICO DEL SUR,0982370468,ROSA HERMELINDA QUITO SINCHI,SI,11H00,08H00 A 12H00 - 13H30 A 18H00,08H30 A 12H00,csnarancaysur.cuenca@gmail.com
-2.8866,-79.0432,SUR,AZUAY,CUENCA,CRESS,CUENCA_ORDONEZ LASO,OESTE,AV ORDONES LASO S/N A MEDIA CUADRA DE LA GASOLINERA CLYAN,09-99850626,ROSA HERMELINDA QUITO SINCHI,SI,10H00,08H30 A 13H00 - 15H00 A 18H30,09H00 A 12H30,csordonezlaso.cuenca@gmail.com
-2.90748,-78.9963798,SUR,AZUAY,CUENCA,CRESS,CUENCA_PASEO DE LOS CANARIS,ESTE,AV PASEO DE LOS CANARIS Y HERNANDO LEOPULLA,0984487147,ROSA HERMELINDA QUITO SINCHI,SI,12H00,08H00 A 19H00,08H00 A 12H30,CSPASEOCANARIS.CUENCA@GMAIL.COM
-2.873145,-78.98033,SUR,AZUAY,CUENCA,CRESS,CUENCA_PATAMARCA,NORTE,VA PATAMARCA S/N Y PALMIRA,0995742801,ROSA HERMELINDA QUITO SINCHI,NO,-,09:00 a 17:00,09:00 A 12:30,cspatamarca.cuenca@gmail.com
-2.8698064,-79.0395113,SUR,AZUAY,CUENCA,CRESS,CUENCA_RACAR,OESTE,CALLE DE LOS CEREZOS A UNA CUADRA DEL CC RACAR PLAZA,0997027373,ROSA HERMELINDA QUITO SINCHI,SI,12H00,09H00 A 17H30,09H00 A 12H00,cscalledeloscerezos.cuenca@gmail.com
-2.9199722,-79.0105278,SUR,AZUAY,CUENCA,CRESS,CUENCA_REDONDEL DE TURI,SUR,AUTOPISTA CUENCA AZOGUES Y CAMINO A TURI,0991160922,ROSA HERMELINDA QUITO SINCHI,SI,10H00,08H30 A 18H00,08H30 A 12H00,csredondelturi.cuenca@gmail.com
-2.233705,-79.900209,SUR,AZUAY,CUENCA,CRESS,CUENCA_REMIGIO,CENTRO,AV. REMIGIO CRESPO Y GUAYAS,07-4034636- 0983000623,ROSA HERMELINDA QUITO SINCHI,SI,11H00,09H00 A 19H00,09H00 A 12H30,csremigio.cuenca@gmail.com
-2.9070748,-79.010963,SUR,AZUAY,CUENCA,DIRECTO,CUENCA_REMIGIO CRESPO PRINCIPAL,CENTRO,REMIGIO CRESPO TORAL Y AV. SOLANO JUNTO A GRIFINE HOME CENTER,7321 - 0968195165,ROSA HERMELINDA QUITO SINCHI,SI,10H00,08H30 A 19H00,09H00 A 12H30,csremigiocrespoprincipal.cuenca@servientrega.com.ec
-2.8963132,-79.0494268,SUR,AZUAY,CUENCA,CRESS,CUENCA_SAN JOAQUIN,SUR,AV. PADRE FERNANDO VEGA S/N Y CALLE 24 A MEDIA CUADRA DEL RESTAURANTE LAS PALMERAS,0991005317,ROSA HERMELINDA QUITO SINCHI,SI,11H00,09H00 A 12H00 - 13H00 A 18H00,09H00 A 12H30,cssanjoaquin.cuenca@gmail.com
-2.879598,-79.067540,SUR,AZUAY,CUENCA,CRESS,CUENCA_SAYAUSI SANTA MARIA,CENTRO,AV. ORDOÑEZ LASSO S/N Y CALLE DE LA DULCAMARA A LADO DE TABERNA DE MOE´S,0964091700,ROSA HERMELINDA QUITO SINCHI,SI,13H00,08H00 A 13H30 - 14H00 A 17H45,09H00 A 12H00,cssayausisantamaria.cuenca@gmail.com
-2.8609501,-78.9774066,SUR,AZUAY,CUENCA,CONCESION,CUENCA_VIA OCHOA LEON,NORTE,VIA A CHECA S/N Y CALLE A SAN MIGUEL FRENTE A TIENDA PACHI,0967658336,ROSA HERMELINDA QUITO SINCHI,SI,10H30,09H00 A 12H00 - 13H30 A 18H30,09H00 A 12H30,csviaochoaleon.cuenca@gmail.com
-2.207109,-79.134208,SUR,CHIMBORAZO,CUMANDA,CRESS,CUMANDA_AV PRIMERO DE MAYO,CENTRO,AV. PRIMERO DE MAYO S/N ENTRE 10 DE AGOSTO Y GOMEZ RENDON DIAGONAL AL PARQUEADERO DE BUSES DE CUMANDA,0982891517,BETANCOURT HOYOS ISABEL CRISTINA,SI,15h00,09H00 A 12H00 - 14H00 A 17H30,NO LABORA,csavprimerodemayo.cumanda@gmail.com
-2.05245,-79.91386,SUR,GUAYAS,DAULE,CRESS,DAULE_EDIF RIVER PLAZA,NORTE,AV LEON FEBRES CORDERO RIVADENEIRA S/N LA AURORA EDIF RIVER PLAZA OFI B01,04-4547328,LOPEZ FUENTES BRYAN PAUL,SI,12H00,10H00 A 12H00 - 13H00 A 18H00,10H00 A 13H00,csedifriverplaza.daule@gmail.com
-2.047147,-79.870819,SUR,GUAYAS,DAULE,CRESS,DAULE_KM 10.5 VIA SAMBORONDON,NORTE,"KM 10,5 VIA A SAMBORONDON - SALITRE URB MARINA DOR PARK MZ 2 SL 2 LOCAL 2 DIAGONAL A SUPERMERCADO EL CORAL",0996380080,BETANCOURT HOYOS ISABEL CRISTINA,SI,12H00,09H00 A 18H00,09H00 A 13H00,cskm10.5viasamborondon@gmail.com
-2.036448,-79.915688,SUR,GUAYAS,DAULE,CRESS,DAULE_LA JOYA,NORTE,CENTRO COMERCIAL PLAZA ORLANDO PB-04,0987966697,BETANCOURT HOYOS ISABEL CRISTINA,SI,13H00,08H30 -12H00 A 13H00 -18:30,09H00 A 13H00,CSLAJOYAPLAZAORLANDO.DAULE@GMAIL.COM
-2.0586,-79.928084,SUR,GUAYAS,DAULE,CRESS,DAULE_LA RIOJA,NORTE,AV LEON FEBRES CORDERO URB LA RIOJA EN PLAZA GALERIA,0988407165,LOPEZ FUENTES BRYAN PAUL,SI,12H00,08H00 A 18H00,08H00 A 13H00,cslarioja.daule@gmail.com
-1.861409,-79.978172,SUR,GUAYAS,DAULE,DIRECTO,DAULE_VICENTE PIEDRAHITA,NORTE,VICENTE PIEDRAHITA S/N Y MANUEL FAJARDO - SUPER DESPENSA AKI LOCAL 2,04-3732000 EXT 4335,LOPEZ FUENTES BRYAN PAUL,SI,10H00,09:00 a 13:00 - 13:30 a 18:00,10:00 a 13:00,csvicentepiedrahita.daule@servientrega.com.ec
-2.0497127,-79.8904673,SUR,GUAYAS,DAULE,CRESS,DAULE_VILLA CLUB,NORTE,LA AURORA CC PLAZA VICTORIA CLUB LOCAL 1A,0962895276,LOPEZ FUENTES BRYAN PAUL,SI,12H00,08H30 A 12H00 - 13H00 A 19H00,09H00 A 14H00,cspiazzavillaclub.daule@gmail.com
-2.1617058,-79.8332561,SUR,GUAYAS,DURAN,CRESS,DURAN_5 DE JUNIIO AV JAIME NEBOT,SUROESTE,AV JAIME NEBOT PRINCIPAL Y YAGUACHI BARRIO 5 DE JUNIO,0959690141,LOPEZ FUENTES BRYAN PAUL,SI,12H00,09H00 A 17H00,09H00 A 13H00,cs5dejunio.duran@gmail.com
-2.167217,-79.841803,SUR,GUAYAS,DURAN,DIRECTO,DURAN_AV. NICOLAS LAPENTTI,NORTE,AV. NICOLAS LAPENTTI Y DEMOCRACIA NORTE SL. 15- FRENTE AUTOLASA,04-3732000 EXT 4336,CABRERA MACIAS JOSE LUIS,SI,10H30,09H00 A 18H00,09H00 A 13H00,csavnicolaslapentti.duran@servientrega.com.ec
-2.171709,-79.853699,SUR,GUAYAS,DURAN,CRESS,DURAN_CENTRO(ELOY ALFARO),CENTRO,CENTRO DE DURAN MZ 09 SL 8A S/N REF FRENTE AL MERCADO MAYORITA LAS MANUELAS,0997189559,CABRERA MACIAS JOSE LUIS,SI,11H00,09H00 A 18H00,09H00 A 13H00,cscentroeloyalfaro.duran@gmail.com
-2.180656,-79.813705,SUR,GUAYAS,DURAN,CRESS,DURAN_EL RECREO 1ERA. ETAPA,CENTRO,AV LAURICE ANTON DE SALEM MZ 107 SL 32 EL RECREO 1ERA ETAPA - FRENTE A COMISION DE TRANSITO,0996779852,CABRERA MACIAS JOSE LUIS,SI,11H00,09H30 A 17H30,09H00 A 13H00,cselrecreo1eraetapa.duran@gmail.com
-2.187440,-79.821441,SUR,GUAYAS,DURAN,CRESS,DURAN_PANORAMA AV. PRINCIPAL,ESTE,CDLA PANORAMA MZ G SL 12 - DIAGONAL UPC,0988012018,CABRERA MACIAS JOSE LUIS,SI,12H00,09H00 A 17H30,09H00 A 13H00,cspanorama.duran@gmail.com
-2.179564,-79.846571,SUR,GUAYAS,DURAN,CRESS,DURAN_PRIMAVERA 2,CENTRO,PRIMAVERA 2 SECTOR IC MZ 16 V8,0993330003,CABRERA MACIAS JOSE LUIS,SI,12H00,08H00 A 17H00,08H30 A 14H00,csprimavera2.duran@gmail.com
-1.433512,-79.283805,NORTE,BOLIVAR,ECHEANDIA,CONCESION,ECHEANDIA_VIA A VENTANAS,CENTRO,AV. NELSON LEON S/N ENTRE CALLE L Y CALLE S,0982799757,BYRON FABIAN MORA SANTOS,SI,14H00,08H00 A 13H00 - 14H00 A 17H00,08H00 A 13H00,csviaaventanas.echeandia@hotmail.com
-3.287435,-79.900743,SUR,EL ORO,EL CAMBIO,CONCESION,EL CAMBIO_BARRIO SAN VICENTE,CENTRO,BARRIO SAN VICENTE Y 1ERA SUR FRENTE A LA IGLESIA EL CAMBIO,0981294046,RAMIREZ GONZALEZ JUAN CARLOS,SI,N/A,08H00 A 12H30 - 14H00 A 18H00,09H00 A 12H00,csbarriosanvicente.elcambio@gmail.com
-0.272848,-79.461922,NORTE,MANABI,EL CARMEN,CONCESION,EL CARMEN_PRINCIPAL,CENTRO,CARLOS ALBERTO ARAY S/N Y ELOY ALFARO,0968508519,PANCHI VALENCIA MARTHA CECILIA,SI,11H00,08H30 A 13H30 - 14H30 A 17H00,09H00 A 13H30,servientrega.elcarmen365@gmail.com
-0.4519886,-76.9960791,NORTE,ORELLANA,EL COCA,CONCESION,EL COCA_CENTRO,CENTRO,AV 9 DE OCTUBRE S/N Y RIO TIPUTINI,0983512654,MANYA CUJI MARCO ANTONIO,SI,11H00,08H00 A 13H00 - 14H00 A 17H00,08H00 A 12H00,cs-el-coca@serv-regional.com
-2.202382,-79.62775,SUR,GUAYAS,EL DESEO,CRESS,EL DESEO_AV. PRINCIPAL,SUR,VIA KM. 26 S/N RECINTO EL DESEO TRONCAL DE LA COSTA FRENTE AL SEGURO CAMPESINO,0980905822,LUIS FIERRO FARINO,SI,14H00,09H00 A 17H00,09H00 A 12H00,csavprincipal.eldeseo@gmail.com
-1.046665,-79.639205,SUR,GUAYAS,EL EMPALME,CONCESION,EL EMPALME_AV GUAYAQUIL,SUR,AV GUAYAQUIL Y ORIENTE ECUATORIANO FRENTE AL COMERCIAL LA RUEDA,0963173230,CEDENO MAZAMBA HECTOR JAVIER,SI,11H00,08H00 A 12H30 - 13H30 A 17H00,08H00 A 13H00,csavguayaquil.elempalme@gmail.com
-1.042181,-79.639696,SUR,GUAYAS,EL EMPALME,CRESS,EL EMPALME_AV MANABI,CENTRO,AV PADRE MATEO RODRIGUEZ S/N Y CALLE MANABI DIAGONAL A HOTEL ABAD,0959187113,CEDENO MAZAMBA HECTOR JAVIER,SI,11H00,08H30 A 12H30 - 14H00 A 17H00,08H30 A 12H30,csavmanabi.elempalme@hotmail.com
-3.244572,-79.832131,SUR,EL ORO,EL GUABO,CONCESION,EL GUABO_CALLE 3 DE NOVIEMBRE,CENTRO,3 DE NOV. Y ELOY ALFARO JUNTO A ALMACENES TIA,07-2952888,RAMIREZ GONZALEZ JUAN CARLOS,SI,12H00,08H00 A 13H00 - 14H00 A 16H30,09H00 A 12H30,cs3denoviembre.elguabo@gmail.com
-1.6076682,-78.6428509,NORTE,CHIMBORAZO,EL GUANO,CONCESION,EL GUANO_PRINCIPAL,CENTRO,TOMAS RAMIREZ Y GARCIA MORENO,03-2901041/ 0984295764,CHRISTIAN EDUARDO BARONA RAMIREZ,SI,09H30,09H30 A 12H30 - 14H00 A 18H00,10H00 A 13H00,cs1serviguano@gmail.com
-3.6242,-78.5871,SUR,ZAMORA,EL PANGUI,CONCESION,EL PANGUI_SAN DIEGO HERMINIO,SUR,SAN DIEGO HERMINIO CARRION S/N AV QUITO A 2 CUADRAS,0994165351,SIERRA HIDALGO CRISTIAN PATRICIO,SI,10H00,08H00 A 12H00 - 13H00 A 17H00,08H00 A 12H00,cssandiegoherminio.elpangui@gmail.com
-2.333035,-79.399967,SUR,GUAYAS,EL TRIUNFO,CONCESION,EL TRIUNFO_AV. 8 DE ABRIL,CENTRO,AV. 8 DE ABRIL 1115 Y JUAN MONTALVO - JUNTO A AGRIPAC,0959093751,BETANCOURT HOYOS ISABEL CRISTINA,SI,12H00,08:00 a 13:00 - 14:00 a 18:00,09:00 a 13:00,csav8deabril.eltriunfo@gmail.com
0.944891,-79.632248,NORTE,ESMERALDAS,ESMERALDAS,DIRECTO,ESMERALDAS_CENTRO LOGISTICO,SUR,VIA A TACHINA M146 Y SN,03 3732000 EXT 6322,VELASCO BAILON NANCY ELIZABETH,SI,09h00,08H00 A 13H00 - 14H00 A 17H30,09H00 A 12H00,cscl.esmeraldas@servientrega.com.ec
0.9346045,-79.6721957,NORTE,ESMERALDAS,ESMERALDAS,CRESS,ESMERALDAS_CODESA,SUR,VIA SAN MARTIN SOLAR 9 Y CALLE H - SALIDA BUSES TERMINAL,0996263600 - 0979695367,VELASCO BAILON NANCY ELIZABETH,SI,11h00,07H30 A 18H30,08H00 A 13H00,cs6.esmeraldas@hotmail.com
0.872200,-79.633200,NORTE,ESMERALDAS,ESMERALDAS,CRESS,ESMERALDAS_LA VICTORIA,CENTRO,VIA A QUININDE S/N Y TRAMO GUINCHELE MZ 65 SOLAR 2,0980288327,VELASCO BAILON NANCY ELIZABETH,SI,11H00,08H00 A 12H00 - 13H00 A 18H00,09H00 A 13H00,cslavictoria.esmeraldas@hotmail.com
0.9668934,-79.6536998,NORTE,ESMERALDAS,ESMERALDAS,DIRECTO,ESMERALDAS_OLMEDO,CENTRO,AV OLMEDO S/N Y 10 DE AGOSTO,3732000 EXT 6321,VELASCO BAILON NANCY ELIZABETH,SI,11H00,08H00 A 17H30,08H00 A 12H30,csolmedo.esmeraldas@servientrega.com.ec
0.9811707,-79.6578987,NORTE,ESMERALDAS,ESMERALDAS,CRESS,ESMERALDAS_PARADA 10,NORTE,AV. SEGUNDA LIBERTAD M18 SL 6 Y FRANKLIN TELLO,0993097065,VELASCO BAILON NANCY ELIZABETH,SI,11H00,08H00 A 12H00 Y 14H00 A 18H0,NO LABORA,esmeraldas_csparada10@hotmail.com
0.915816,-79.684911,NORTE,ESMERALDAS,ESMERALDAS,DIRECTO,ESMERALDAS_SAN RAFAEL,SUR,CALLE H MZ 71 SOLAR 33 Y CALLE C,06-3732000 EXT6318,VELASCO BAILON NANCY ELIZABETH,SI,12h00,08H00 A 13H00 - 14H00 A 17H30,09H00 A 12H00,cssanrafael.esmeraldas@servientrega.com.ec
-0.40061,-79.90263,SUR,MANABI,FLAVIO ALFARO,CONCESION,FLAVIO ALFARO_CARLOS ARAY,CENTRO,CARLOS ALBERTO ARAY Y MIRAFLORES,989822571,TANIA YESENIA GARCIA LUNA,SI,11H00,09H00 A 13H00 - 14H00 A 17H00,NO LABORA,cscarlosaray.flavioalfaro@gmail.com
-3.1604396,-79.1481387,SUR,AZUAY,GIRON,CRESS,GIRON_SIMON BOLIVAR,CENTRO,SIMON BOLIVAR S/N GIRON DIAGONAL AL BANCO DEL AUSTRO,0979595965,ROSA HERMELINDA QUITO SINCHI,SI,11H30,08H00 A 12H00 - 13H00 A 17H00,08H00 A 12H00,cssimonbolivar.giron@gmail.com
-4.01421,-9.1747935,SUR,LOJA,GONZANAMA,CRESS,GONZANAMA_AV. 30 DE SEPTIEMBRE,SUR,AV. 30 DE SEPTIEMBRE S/N Y CALLE 10 DE AGOSTO FRENTE AL COLISEO DE GONZANAMA,0939406314,SIERRA HIDALGO CRISTIAN PATRICIO,SI,09H00,09H00 A 17H00,09H00 A 12H00,csav30deseptiembre.gonzanama@gmail.com
-2.892229,-78.779895,SUR,AZUAY,GUALACEO,CRESS,GUALACEO_GRAN COLOMBIA,CENTRO,AV GRAN COLOMBIA S/N Y CALLE MANUEL MORENO FRENTE A CHELO SOFT BAR,0962550142,ROSA HERMELINDA QUITO SINCHI,SI,10H30,09H00 A 18H30,09H00 A 12H30,csgrancolombia.gualaceo@gmail.com
-2.8878333,-78.7761111,SUR,AZUAY,GUALACEO,CRESS,GUALACEO_JAIME ROLDOS,CENTRO,JAIME ROLDOS AGUILERA Y MARIETA VASQUEZ,0963992693,ROSA HERMELINDA QUITO SINCHI,SI,10H30,08H30 A 19H00,09H00 A 12H30,CSJAIMEROLDOS.GUALACEO@GMAIL.COM
-3.4024988,-78.5847239,SUR,MORONA SANTIAGO,GUALAQUIZA,CONCESION,GUALAQUIZA_PSJE FRANCISCO DE ORELLANA,CENTRO,FRANCISCO DE ORELLANA S/N Y GRAN PASAJE JUNTO A PLAZA CIVICA,0986474424,ROSA HERMELINDA QUITO SINCHI,SI,13H00,09H00 A 12H00 - 12H30 A 17H30,09H00 A 13H00,csfranciscoorellana.gualaquiza@gmail.com
-1.932838,-78.708697,NORTE,CHIMBORAZO,GUAMOTE,CONCESION,GUAMOTE_PRINCIPAL,CENTRO,10 DE AGOSTO S/N Y GONZALEZ SUAREZ,0969357972,CHRISTIAN EDUARDO BARONA RAMIREZ,SI,12H00,08H00 A 12H00 - 14H00 A 18H00,09H00 A 13H00,csprincipal.guamote@hotmail.com
-1.574299,-79.006133,NORTE,BOLIVAR,GUARANDA,DIRECTO,GUARANDA_CDLA UNIVERSITARIA,NORTE,AV. ERNESTO CHE GUEVARA S/N ENTRE LUIS B ARRE Y GABRIELA IGNACIO VEINTIMILLA,3732000 EXT 3414,BYRON FABIAN MORA SANTOS,SI,09H00,08H00 A 13H00 - 14H00 A 18H00,08H00 A 13H00,cscdlauniversitaria.guaranda@servientrega.com.ec
-1.5913088,-78.9995129,NORTE,BOLIVAR,GUARANDA,DIRECTO,GUARANDA_PRINCIPAL,CENTRO,GARCIA MORENO 809 Y NUEVE DE ABRIL,03-3732000 EXT 3308,BYRON FABIAN MORA SANTOS,SI,11H30,08H00 A 13H00 - 14H00 A 18H00,08H00 A 12H00,csprincipal.guaranda@servientrega.com.ec
-2.2012470,-79.9161530,SUR,GUAYAS,GUAYAQUIL,DIRECTO,GUAYAQUIL_17 AVA Y PORTETE,SUROESTE,AV DECIMA SEPTIMA N1819 ENTRE ARGENTINA Y PORTETE MZ 117 SL 28 JUNTO A FARMACIAS ECONOMICAS,04373200 EXT 4358,BETANCOURT HOYOS ISABEL CRISTINA,SI,10H30,09H00 A 12H00 - 13H00 A 18H00,09H00 A 13H00,CS17AVAYPORTETE.GUAYAQUIL@SERVIENTREGA.COM.EC
-2.231135,-79.940101,SUR,GUAYAS,GUAYAQUIL,CRESS,GUAYAQUIL_23 Y LA Q,SUROESTE,23 Y LA Q - CALLE SUSCAL COOP LA UNION MZ 1347 SL 41,0964116959,CABRERA MACIAS JOSE LUIS,SI,12h00,09H00 - 19H00,09H00 - 13H00,cs23ylaq.guayaquil@gmail.com
-2.216205,-79.926483,SUR,GUAYAS,GUAYAQUIL,CRESS,GUAYAQUIL_25AVA,SUROESTE,25AVA CALLE 3211 ENTRE LA B Y LA C - UNA CUADRA DEL TIA / SUROESTE,0986867091,CABRERA MACIAS JOSE LUIS,SI,12h00,08H30 A 18H30,08H30 A 18H30,cs25ava.guayaquil@gmail.com
-2.200297,-79.925974,SUR,GUAYAS,GUAYAQUIL,CRESS,GUAYAQUIL_29 AVA,SUROESTE,29 AVA E./ VENEZUELA Y COLOMBIA,0986255307,LOPEZ FUENTES BRYAN PAUL,SI,11H00,08H30 A 18H00,09H00 A 13H00,cs29ava.guayaquil@gmail.com
-2.20050,-79.93357,SUR,GUAYAS,GUAYAQUIL,CRESS,GUAYAQUIL_38AVA,SUROESTE,38 AVA 1205 Y GARCIA GOYENA PB JUNTO A FARMACIA SANTA MARTHA,0959617935,BETANCOURT HOYOS ISABEL CRISTINA,SI,11H00,08H30 A 18H30,08H30 A 13H30,cs38ava1205.guayaquil@gmail.com
-2.21026,-79.90775,SUR,GUAYAS,GUAYAQUIL,CRESS,GUAYAQUIL_4 DE NOVIEMBRE,SUROESTE,CALLE 4 DE NOVIEMBRE S/N ENTRE GALLEGOS LARA Y LEONIDAS PLAZA,0998620870,CABRERA MACIAS JOSE LUIS,SI,13H00,09H00 A 18H00,09H00 A 13H00,cs4denoviembre.guayaquil@gmail.com
-2.194822,-79.888252,SUR,GUAYAS,GUAYAQUIL,CRESS,GUAYAQUIL_6 DE MARZO,CENTRO,6 DE MARZO 1103 Y SUCRE,042-324173- 0986653927,LOPEZ FUENTES BRYAN PAUL,NO,-,08:30 a 18:00,08:00 a 13:00,cs6demarzo.guayaquil@gmail.com
-2.187746,-79.894365,SUR,GUAYAS,GUAYAQUIL,DIRECTO,GUAYAQUIL_9 DE OCT y LOS RIOS,SURESTE,AV. 9 DE OCTUBRE 803 Y LOS RIOS,04-3732000 EXT 4303,LOPEZ FUENTES BRYAN PAUL,SI,11H00,10H00 A 19H00,09H00 A 13H00,cs9deoctubreylosrios.guayaquil@servientrega.com.ec
-2.22461,-79.89790,SUR,GUAYAS,GUAYAQUIL,CRESS,GUAYAQUIL_ACACIAS,SUR,AV 25 DE JULIO M7 I N07,04-3732000 EXT 4350,BETANCOURT HOYOS ISABEL CRISTINA,SI,10H30,09H00 A 19H00,09H00 A 13H00,csacacias.guayaquil@gmail.com
-2.131292,-79.91175,SUR,GUAYAS,GUAYAQUIL,CRESS,GUAYAQUIL_ALAMOS NORTE,NORTE,LOS ALAMOS MZ26 S21,0998695524,LOPEZ FUENTES BRYAN PAUL,SI,11H00,09H30 A 19H00,09H00 A 13H00,cslosalamos.guayaquil@gmail.com
-2.169321,-79.917047,SUR,GUAYAS,GUAYAQUIL,CRESS,GUAYAQUIL_ALBANBORJA,SUROESTE,AV.CARLOS JULIO AROSEMENA S/N,04-2206141,LOPEZ FUENTES BRYAN PAUL,SI,11H30,10:00 a 18:30,10:00 a 14:00,csalbanborja.guayaquil@gmail.com
-2.132836,-79.903656,SUR,GUAYAS,GUAYAQUIL,CRESS,GUAYAQUIL_ALBO5 BCO BOLIVARIANO,NORTE,ALBOCENTRO 5 AV. BAQUERIZO MORENO S/N Y GABRIEL ROLDOS DIAG.,0995956980,CABRERA MACIAS JOSE LUIS,SI,11H30,09H30 A 19H15,09H30 A 13H00,albo5bcobolivariano@gmail.com
-2.140286,-79.897738,SUR,GUAYAS,GUAYAQUIL,CRESS,GUAYAQUIL_ALBOCENTRO II,NORTE,AV. ING. RODOLFO BAQUERIZO NAZUR S1 Y CUARTO PASAJE 16,04-5018477,LOPEZ FUENTES BRYAN PAUL,SI,12H00,10H00 A 18H00,10H00 A 14H00,csalbocentroll.guayaquil@gmail.com
-2.143358,-79.902124,SUR,GUAYAS,GUAYAQUIL,CRESS,GUAYAQUIL_ALBORADA 3ERA ETAPA,NORTE,AV. FRANCISCO DE ORELLANA S/N Y PASAJE ISALE DARWIN MZ BA VILLA 24 - ALBORADA 3ERA ETAPA,04-518-8504 -0997660479,CABRERA MACIAS JOSE LUIS,NO,10H30,08H00 A 12H30 - 14H00 A 18H00,N/A,csalborada3eraetapa.guayaquil@gmail.com
-2.195205,-79.894060,SUR,GUAYAS,GUAYAQUIL,CRESS,GUAYAQUIL_ALCEDO,CENTRO,ALCEDO 1014 Y AV. DEL EJERCITO,0988709885,BETANCOURT HOYOS ISABEL CRISTINA,SI,11H30,09H00 A 18H30,09H00 A 18H30,csalcedo.guayaquil@gmail.com
-2.148076,-79.907386,SUR,GUAYAS,GUAYAQUIL,DIRECTO,GUAYAQUIL_ANTENAS TV CABLE,NOROESTE,AV.J.T.MARENGO S/N,04-3732000 EXT 4314,CABRERA MACIAS JOSE LUIS,SI,0,09H30 A 12H00 - 12H30 A 18H00,09H00 A 13H00,csantenastvcable.guayaquil@servientrega.com.ec
-2.177233,-79.887286,SUR,GUAYAS,GUAYAQUIL,CRESS,GUAYAQUIL_ATARAZANA LA DEMOCRACIA,NORTE,ATARAZANA CDLA ALAMOS 1 MZ111 SOLAR AV2 N-E DE LA DEMOCRACIA/ C11 CALLE SUFRAGIO LIBRE,0994124669,LOPEZ FUENTES BRYAN PAUL,SI,10H30,08H30 A 18H30,09H00 A 13H00,csatarazanaavdemocracia@gmail.com
-2.213867,-79.888357,SUR,GUAYAS,GUAYAQUIL,CRESS,GUAYAQUIL_AV CHILE Y CHIMBORAZO,CENTRO,VACAS GALINDO ENTRE CHILE Y CHIMBORAZO,0962125000,LOPEZ FUENTES BRYAN PAUL,SI,11H00,09H30 A 18H00,10H00 A 13H00,csavchile.guayaquil@gmail.com
-2.163180,-79.931549,SUR,GUAYAS,GUAYAQUIL,CRESS,GUAYAQUIL_AV DEL BOMBERO,NORTE,AV PRIMERO 302 E/ CALLE 12AVA Y 13AVA Y AV DEL BOMBERO - PLAZOLETA CEIBOS,0968711422,BETANCOURT HOYOS ISABEL CRISTINA,SI,10H30,08H00 A 12H00 - 13H00 A 19H00,10H00 A 13H00,csavdelbombero.guayaquil@gmail.com
-2.121231,-79.898961,SUR,GUAYAS,GUAYAQUIL,CRESS,GUAYAQUIL_AV ISIDRO AYORA POLARIS 1,NORTE,JOSE LUIS TAMAYO TERAN Y JORGE ICAZA CORONEL A LADO DE FARMACIA 911,0959415854,LOPEZ FUENTES BRYAN PAUL,SI,12H00,10H00 A 18H30,09H00 A 13H00,csisidroayorapolaris.guayaquil@gmail.com
-2.2488723,-79.894613,SUR,GUAYAS,GUAYAQUIL,CRESS,GUAYAQUIL_AV. 25 DE JULIO,SUR,AV. 25 DE JULIO S/N SOLAR 13 MZ 1402 COOP. 7 LAGOS PB,985524299,CABRERA MACIAS JOSE LUIS,SI,11H00,08H00 A 18H00,NO LABORA,cs25dejulio.guayaquil@gmail.com
-2.189763,-79.889355,SUR,GUAYAS,GUAYAQUIL,CRESS,GUAYAQUIL_AV. QUITO,CENTRO,AV.QUITO 910 Y 9 DE OCTUBRE Y HURTADO,0992904714,CABRERA MACIAS JOSE LUIS,NO,N/A,08H30 A 12H00 - 13H30 A 18H00,NO LABORA,csavquito.guayaquil@gmail.com
-2.197734,-79.881326,SUR,GUAYAS,GUAYAQUIL,CRESS,GUAYAQUIL_AV. SIMON BOLIVAR,CENTRO,AV SIMON BOLIVAR PALACIOS N 2002 Y CALLE JOSE MEJIA LEQUERICA REF FRENTE A LA SEGUNDA PUERTA DEL MALECON 2000,0991502243,LOPEZ FUENTES BRYAN PAUL,SI,11H0,10H00 A 18H30,10H00 A 14H00,csavsimonbolivar.guayaquil@gmail.com
-2.200411,-79.882305,SUR,GUAYAS,GUAYAQUIL,DIRECTO,GUAYAQUIL_AVDA. OLMEDO,CENTRO,AV. OLMEDO 106 E/ MALECON Y ELOY ALFARO - PLANTA BAJA,04-3732000 EXT 4327,CABRERA MACIAS JOSE LUIS,NO,0,09H30 A 19H00,09H00 A 13H00,csavdaolmedo.guayaquil@servientrega.com.ec
-2.221532,-79.890343,SUR,GUAYAS,GUAYAQUIL,CRESS,GUAYAQUIL_BARRIO CENTENARIO,CENTRO SUR,FRANCISCO SEGURA 405 Y ROSA BORJA A 15 METROS DE LA ESCUELA DE BALLET PRISCILA RAMOS.,0994190040,BETANCOURT HOYOS ISABEL CRISTINA,SI,10H30,08H00 A 17H00,09H00 A 12H00,csbarriocentenario.guayaquil@gmail.com
-2.181096,-79.911652,SUR,GUAYAS,GUAYAQUIL,CRESS,GUAYAQUIL_BELLAVISTA,NOROESTE,URB BELLAVISTA MZ 01 SL 02 JUNTO A CITY PET,0968561944,BETANCOURT HOYOS ISABEL CRISTINA,SI,11H00,08H30 A 17H30,08H30 A 13H30,csbellavista.guayaquil@gmail.com
-2.1969597,-79.8815969,SUR,GUAYAS,GUAYAQUIL,CRESS,GUAYAQUIL_C.C COLON|,CENTRO,PICHINCHA 831 Y COLON,997196441,LOPEZ FUENTES BRYAN PAUL,NO,NO,10H00 A 17H00,10H00 A 13H00,cscccolon.guayaquil@gmail.com
-2.1943838,-80.0531585,SUR,GUAYAS,GUAYAQUIL,CRESS,GUAYAQUIL_C.C COSTA BRISA,NORTE,KM 19.5 VIA A LA COSTA - CENTRO COMERCIAL COSTA BRISA,0989247571,CABRERA MACIAS JOSE LUIS,SI,12H00,10H00 -19H00,NO LABORA,cscostabrisa.guayaquil@gmail.com
-2.18520,-80.00571,SUR,GUAYAS,GUAYAQUIL,CRESS,GUAYAQUIL_C.C COSTAL MAR,NORTE,KM. 14.5 VIA A LA COSTA SOLAR 1 C.C COSTALMAR SHOPPING LOCAL 15 FRENTE A FARMACIA MEDICITY,0968343860,CABRERA MACIAS JOSE LUIS,SI,13H00,09H00 A 18H30,09H00 A 13H00,cscostalmar.guayaquil@gmail.com
-2.037761,-79.870003,SUR,GUAYAS,GUAYAQUIL,CRESS,GUAYAQUIL_C.C MILAN,NORTE,C.C. MILAN LOCAL 4. KM 12.5 VIA A SALITRE,0991516378,LOPEZ FUENTES BRYAN PAUL,SI,12H00,08:30 A 16:00,10:00 a 12:00,cscmilan.guayaquil@gmail.com
-2.064163,-79.908226,SUR,GUAYAS,GUAYAQUIL,CRESS,GUAYAQUIL_C.C OASIS,NORTE,AV 28 NE Y AUTOPISTA NARCISA DE JESUS KM 1.6 CENTRO COMERCIAL OASIS LC63 FTE A KFC,0997878122,BETANCOURT HOYOS ISABEL CRISTINA,SI,11H00,09H00 A 13H00 - 14H00 A 19H30,09H00 A 17H00,CSC.COASIS.GUAYAQUIL@GMAIL.COM
-2.055467,-79.919365,SUR,GUAYAS,GUAYAQUIL,CRESS,GUAYAQUIL_C.C PALMORA PLAZA,NORTE,C.C PALMORA PLAZA - LOCAL 28 - KM 18 VIA A SAMBORONDON,09-60787473,LOPEZ FUENTES BRYAN PAUL,SI,12H00,08:00 a 18:00,09:00 a 13:00,cs.ccpalmoraplaza.guayaquil@gmail.com
-2.17091111,-79.9013567,SUR,GUAYAS,GUAYAQUIL,CRESS,GUAYAQUIL_C.C POLICENTRO,NORTE,AV. SAN JORGE Y DR. JUAN BAUTISTA ARZUBE CENTRO COMERCIAL POLICENTRO REF DIAG A LA CLINICA KENNEDY,0959061009,CABRERA MACIAS JOSE LUIS,NO,NO TIENE,10H00 A 20H00,10H00 A 20H00,veronica.armas@cislatam.com
-2.137418,-79.899587,SUR,GUAYAS,GUAYAQUIL,CRESS,GUAYAQUIL_C.C. ALBOCENTRO 4,NORTE,C.C. ALBOCENTRO 4 LOCAL 04 - ALBORADA V - RODRIGO BAQUERIZO NAZUR Y DEMETRIO AGUILERA,0984224199 - 0988777634,CABRERA MACIAS JOSE LUIS,SI,11h00,08H00 A 19H00,08H00 A 14H00,csalbocentro4.guayaquil@gmail.com
-2.129365,-79.927933,SUR,GUAYAS,GUAYAQUIL,CRESS,GUAYAQUIL_C.C. SAN FELIPE,NORTE,JOSE ANTONIO GAULT 100 Y AV PONCE ENRIQUE DENTRO DEL C.C. SAN FELIPE,0997681806,CABRERA MACIAS JOSE LUIS,SI,10H30,08H30 A 19H00,09H00 A 13H00,csccsanfelipe.guayaquil@gmail.com
-2.1976658,-79.8856318,SUR,GUAYAS,GUAYAQUIL,CRESS,GUAYAQUIL_CAJA DE SEGURO,CENTRO,F. DE P. LAVAYEN 116 Y AV. OLMEDO,0998985940,CABRERA MACIAS JOSE LUIS,SI,12H00,08H00 A 18H00,09H00 A 14H00,cscajadeseguro.guayaquil@gmail.com
-2.190326,-79.942507,SUR,GUAYAS,GUAYAQUIL,DIRECTO,GUAYAQUIL_CC SAN EDUARDO,SUROESTE,JOSE RODRIGUEZ BONIN Y CALLE 26 A - C.C. SAN EDUARDO SHOPPING LOCAL 1A,04-3732000 EXT 4321,BETANCOURT HOYOS ISABEL CRISTINA,SI,10H30,09H00 A 12H00 - 13H00 A 18H00,09:00 A 13:00,csccsaneduardo.guayaquil@servientrega.com.ec
-2.160448,-79.895669,SUR,GUAYAS,GUAYAQUIL,CRESS,GUAYAQUIL_CDLA KENNEDY,NORTE,AV. MIGUEL H ALCIVAR Y ANGEL BARRERA - CDLA KENNEDY NORTE MZ 97 SL 17AL19 DIAG PARQUE JAPONES FTRE A LAB ASIMED,04-3951811 / 04-3951810,CABRERA MACIAS JOSE LUIS,SI,12H30,08:30 A 16:30,NO LABORA,cscdlakennedy.guayaquil@gmail.com
-2.1831202,-79.8956365,SUR,GUAYAS,GUAYAQUIL,CRESS,GUAYAQUIL_CDLA. BOLIVARIANA,CENTRO,CDLA BOLIVARIANO MZE SOLAR 8 LOCAL 3,0996638098,LOPEZ FUENTES BRYAN PAUL,SI,11H00,09H00 A 17H00,09H00 A 13H00,cscdlabolivariana.guayaquil@gmail.com
-2.159214,-79.928055,SUR,GUAYAS,GUAYAQUIL,DIRECTO,GUAYAQUIL_CDS PRUEBA,NORTE,CR 18 78 40 701,00,RAUL CAMACHO,SI,12,09:00 a 12:00- 13:00 a 17:00,09:00 a 12:00,proyectos@exalogin.com
-2.16884,-79.9446564,SUR,GUAYAS,GUAYAQUIL,CRESS,GUAYAQUIL_CEIBOS LOS OLIVOS,NORTE,MONKEYMART - AV LEOPOLDO CARRERA CDLA LOS OLIVOS MZ 9-C SL 01 FRENTE A MEDICITY,0988922650,CABRERA MACIAS JOSE LUIS,NO,0h0,08H00 - 19H00,08H00 - 13H00,csceiboslosolivos.guayaquil@gmail.com
-2.159554,-79.8889,SUR,GUAYAS,GUAYAQUIL,DIRECTO,GUAYAQUIL_CENTRO DE CONVENCIONES,NORESTE,AV. DE LAS AMERICAS - LOCAL 1 - JUNTO AL CENTRO DE CONVENCIONES DE GUAYAQUIL,04-3732000 EXT 4323,BETANCOURT HOYOS ISABEL CRISTINA,SI,11H30,09H00 A 12H00 - 12H30 A 19H00,09H00 A 13H00,cscentrodeconvenciones.guayaquil@servientrega.com.ec
-2.143399,-79.883584,SUR,GUAYAS,GUAYAQUIL,CRESS,GUAYAQUIL_CENTRO DE NEGOCIOS TERMINAL,NORTE,AV. DE LAS AMERICAS CENTRO DE NEGOCIOS EL TERMINAL LOCAL 38 BLOQUE C FRENTE A GASOLINERA PRIMAX,0981396323,BETANCOURT HOYOS ISABEL CRISTINA,SI,11H00,09H30 A 13H00 - 14H00 A 18H30,NO LABORA,gyecentrodenegocioselterminal@gmail.com
-2.218225,-80.080895,SUR,GUAYAS,GUAYAQUIL,CRESS,GUAYAQUIL_CHONGON,NORTE,KM 24 VIA A LA COSTA SAN GERONIMO 2 MZ 458 V1,0979077985,CABRERA MACIAS JOSE LUIS,SI,12H30,07H30 A 12H00 / 13H00 A 16H30,08H00 A 13H00,cschongon.guayaquil@gmail.com
-2.1921658,-79.8828582,SUR,GUAYAS,GUAYAQUIL,CRESS,GUAYAQUIL_CISLATAM AV. CHIMBORAZO,CENTRO,AV. CHIMBORAZO 201 Y JOSE VELEZ VILLAMAR REF DIAG A CAMISERIA EL,0999801403,CABRERA MACIAS JOSE LUIS,NO,N/A,08H00 A 19H00,09H00 A 13H00,veronica.armas@cislatam.com
-2.140519,-79.909013,SUR,GUAYAS,GUAYAQUIL,DIRECTO,GUAYAQUIL_CITY MALL,NOROESTE,FELIPE PEZO S/N Y BENJAMIN CARRION MZ.105,04-3732000 EXT 4318,BETANCOURT HOYOS ISABEL CRISTINA,SI,10H00,10H00 A 20H00,10H00 A 14H00,cscitymall.guayaquil@servientrega.com.ec
-2.025651,-79.948567,SUR,GUAYAS,GUAYAQUIL,CRESS,GUAYAQUIL_CIUDAD SANTIAGO,NORTE,"KM 19,5 VIA DAULE - PLAZA TIA EL CAMINO",0958923909,CABRERA MACIAS JOSE LUIS,NO,12H00,08H30 A 18H30,09H00 A 14H00,csciudadsantiago.guayaquil@gmail.com
-2.139466,-79.933534,SUR,GUAYAS,GUAYAQUIL,DIRECTO,GUAYAQUIL_CL JTM GUAYAQUIL,NORTE,AV.7 1/2 VIA DAULE,04-373200 EXT 4346,BETANCOURT HOYOS ISABEL CRISTINA,SI,09H30,08H00 A 21H00,09H00 A 15H00,cscljtm.guayaquil@servientrega.com.ec
-2.19455,-79.88193,SUR,GUAYAS,GUAYAQUIL,CRESS,GUAYAQUIL_CLEMENTE BALLEN,CENTRO,PEDRO CARBO 0803 Y CLEMENTE BALLEN,04-2320192,LOPEZ FUENTES BRYAN PAUL,NO,SIN SERVIC,09H00 A 17H45,10H00 A 13H00,csclementeballen.guayaquil@gmail.com
-2.203540,-79.886355,SUR,GUAYAS,GUAYAQUIL,CRESS,GUAYAQUIL_CTG AV. BRASIL,CENTRO,BRASIL 429 ENTRE CHIMBORAZO Y CORONEL,099 370 9833,CABRERA MACIAS JOSE LUIS,SI,11H00,08:00 A 18:30,10:00 a 12:00,csctgavbrasil.guayaquil@gmail.com
-2.17733,-79.89335,SUR,GUAYAS,GUAYAQUIL,CRESS,GUAYAQUIL_CUARTEL MODELO,NORTE,CDLA MODELO CALLE PRINCIPAL 412 Y LA QUINTA ESQUINA VILLA 5 PB MZ 19 ATRAS DEL CUARTEL MODELO,0990796664,LOPEZ FUENTES BRYAN PAUL,SI,12H00,08H30 A 18H00,09H00 A 13H00,cscuartelmodelo.guayaquil@gmail.com
-2.242142,-79.891378,SUR,GUAYAS,GUAYAQUIL,DIRECTO,GUAYAQUIL_DOMINGO COMIN GRAN AKI,SUR,AV.DOMINGO COMIN CALLE 50 S.1 MZ. 19,04-3732000 EXT 4313,CABRERA MACIAS JOSE LUIS,SI,11H00,10H00 A 19H30,09H00 A 13H00,csdomingocomingranaki.guayaquil@servientrega.com.ec
-2.1635123,-79.8998811,SUR,GUAYAS,GUAYAQUIL,CRESS,GUAYAQUIL_EDIF WTC SAABU SA,NORTE,WTC LOCAL 32 FCO DE ORELLANA,0963077900,LOPEZ FUENTES BRYAN PAUL,SI,12H30,08H30 A 19H00,N/A,cswtc.guayaquil@gmail.com
-2.12964,-79.881836,SUR,GUAYAS,GUAYAQUIL,CRESS,GUAYAQUIL_EL LIMONAL,NORTE,COOP. EL LIMONAL AV. NARCISA DE JESUS S/N Y CALLE QUITO CALLEJON 16AVA MZ 2366 SL 1 A 100 MTS DE LA FARMACIA CRUZ AZUL,0983512573,BETANCOURT HOYOS ISABEL CRISTINA,SI,10H00,08H30-13:00 A 14:00-19H00,09H00 A 13H00,csellimonal.guayaquil@gmail.com
-2.119479,-79.951467,SUR,GUAYAS,GUAYAQUIL,CONCESION,GUAYAQUIL_ENTRADA DE LA 8 EN LA Y,NORTE,AV CASUARIANA EN LA Y DE LA ENTRADA DE LA 8 / REFERENCIA POR LA GANGA COOP GUERREROS DEL FORTIN MZ 1178 SL 5,0983661641 - 0997546676,CABRERA MACIAS JOSE LUIS,SI,11H00,09H00 - 17H00,09H00 - 14H00,csentradadela8.guayaquil@gmail.com
-2.202501,-79.884239,SUR,GUAYAS,GUAYAQUIL,DIRECTO,GUAYAQUIL_FEBRES CORDERO,SUR,F.CORDERO 223 Y CHILE Y ELOY ALFARO,04-3732000 EXT 4307,LOPEZ FUENTES BRYAN PAUL,NO,-,09H30 A 19H30,09H00 A 14H00,csfebrescordero.guayaquil@servientrega.com.ec
-2.2506387,-79.8991423,SUR,GUAYAS,GUAYAQUIL,CRESS,GUAYAQUIL_FERTISA,SUR,COOP. SANTIAGUITO DE ROLDOS 1 AV PADRE CAYETANO TARRUEL SOLAR 19 INTERSECCIÓN CUARTO CALLEJON 53SO MZ 1158 JUNTO A LOCA,0991799921,BETANCOURT HOYOS ISABEL CRISTINA,SI,11H00,08H30 A 17H30,08H30 A 14H00,csfertisa.guayaquil@gmail.com
-2.128531,-79.939951,SUR,GUAYAS,GUAYAQUIL,CRESS,GUAYAQUIL_FLORIDA NORTE AV. PRINCIPAL,NORTE,FLORIDA NORTE MZ 0408 SL.3 TARQUI,0990867284,LOPEZ FUENTES BRYAN PAUL,SI,11H00,09:00 A 19:30,10:00 A 13:00,csfloridanorteavprinc.guayaquil@gmail.com
-2.129116,-79.933287,SUR,GUAYAS,GUAYAQUIL,CRESS,GUAYAQUIL_FLORIDA NORTE VIA DAULE,NORTE,VIA A DAULE - ENTRANDO POR EL PUENTE DE LA FLORIDA MZ100 V3,0939357167 - 0997546676,CABRERA MACIAS JOSE LUIS,SI,11h00,08H00 A19H00,09H00 A 13H00,csfloridanorte.guayaquil@gmail.com
-2.21648,-79.90370,SUR,GUAYAS,GUAYAQUIL,CRESS,GUAYAQUIL_FRANCISCO SEGURA,CENTRO,FRANCISCO SEGURA 1909 ENTRE TULCAN Y CARCHI PB,04-3869543,LOPEZ FUENTES BRYAN PAUL,SI,11H00,08H00 A 12H30 - 14H00 A 18H00,09H00 A 14H00,csfranciscosegura.guayaquil@gmail.com
-2.14407,-79.893694,SUR,GUAYAS,GUAYAQUIL,CRESS,GUAYAQUIL_GARZOTA,NORTE,CDLA. LA GARZOTA MZ 32 VILLA # 30,04-5043753,LOPEZ FUENTES BRYAN PAUL,SI,11h00,08:30 a 17:30,09:00 a 14:00,csgarzota.guayaquil@gmail.com
-2.193360,-79.927742,SUR,GUAYAS,GUAYAQUIL,CRESS,GUAYAQUIL_GOMEZ RENDON Y 33AVA,SURESTE,GOMEZ RENDON 5500 Y 33 AVA FRENTE A FARMACIA YO EL GENERICO,0991565250,BETANCOURT HOYOS ISABEL CRISTINA,SI,11H00,08H30 A 18H00,09H00 A 13H00,csgomezrendon.guayaquil@gmail.com
-2.229745,-79.901062,SUR,GUAYAS,GUAYAQUIL,CRESS,GUAYAQUIL_GUANGALA,SUR,CDLA. GUANGALA CALLE ERNESTO ALBAN MOSQUERA SOLAR 2 MZ. E1 DIAG. HOSP. TEODORO MALDONADO CARBO,0989786294,BETANCOURT HOYOS ISABEL CRISTINA,SI,12H00,09H00 A 18H00,10H00 A 14H00,csguangala.guayaquil@gmail.com
-2.2602529,-79.8812954,SUR,GUAYAS,GUAYAQUIL,CRESS,GUAYAQUIL_GUASMO SUR LUCHA POPULAR1,SUR,GUASMO SUR COOPERATIVA HOGAR DE LOS POBRES MZ 1906 SL 28 LADO SPA GABINETE SARA,0986606866 - 04-5050796,CABRERA MACIAS JOSE LUIS,SI,12H00,09H00 A 12H30 - 13H30 A 18H00,09H00 A 13H00,csguasmoluchapopular.guayaquil@gmail.com
-2.178233,-79.877110,SUR,GUAYAS,GUAYAQUIL,CRESS,GUAYAQUIL_GUAYAQUIL_PUERTO SANTA ANA,CENTRO,AV. P. MENENDEZ GILBERT LOCAL# 03 PUERTO SANTA ANA 3ER PASAJE 5 NE /FRENTE A PARQUEOS CIUDAD DEL RIO,0990804931,LOPEZ FUENTES BRYAN PAUL,SI,10H30,08H30 A 17H00,0,cspuertosantaana@gmail.com
-2.175006,-79.9051660,SUR,GUAYAS,GUAYAQUIL,CRESS,GUAYAQUIL_HOSPITAL DEL GUASMO,SUR,GUASMO SUR DIAGONAL A LA ENTRADA DE LA CARTONERA HOSPITAL DEL GUASMO,0959752337,LOPEZ FUENTES BRYAN PAUL,SI,12H00,08H00 A 12H00 - 13H00 A 17H00,09H00 A 13H00,CSGUASMOSUR.GUAYAQUIL@GMAIL.COM
-2.202949,-79.89251,SUR,GUAYAS,GUAYAQUIL,CRESS,GUAYAQUIL_HOSPITAL DEL NINO,CENTRO SUR,PEDRO MONCAYO CARLOS GOMEZ RENDON FRENTE HOSPITAL DEL NINO,0958634238,LOPEZ FUENTES BRYAN PAUL,SI,12H00,08H00 A 17H30,08H00 A 17H00,CSHOSPITALNINO.GYE@GMAIL.COM
-2.121937,-79.923481,SUR,GUAYAS,GUAYAQUIL,CRESS,GUAYAQUIL_JUAN MONTALVO,NORTE,VIA DAULE COOP. JUAN MONTALVO CALLE 19H SOLAR 01 FICOA DE MONTALVO,0958647633,CABRERA MACIAS JOSE LUIS,SI,12H00,09H00 A 13H00 - 14H00 A 19H00,09H00 A 13H00,csjuanmontalvo.guayaquil@gmail.com
-2.159199,-79.892514,SUR,GUAYAS,GUAYAQUIL,DIRECTO,GUAYAQUIL_JUAN TANCA MARENGO,OESTE,AV. JUAN TANCA MARENGO SL 14 Y CALLE E - ENTRE PINTULAC Y EDF TAIWAN - DIAGIONAL PRIMAX,04-3732000 EXT 4325,BETANCOURT HOYOS ISABEL CRISTINA,SI,10H00,09H30 A 12H00 - 13H00 A 18H30,09H00 A 13H00,csjuantancamarengo.guayaquil@servientrega.com.ec
-2.093894,-79.937028,SUR,GUAYAS,GUAYAQUIL,DIRECTO,GUAYAQUIL_KM 12.5 VIA A DAULE,NORTE,KM 12.5 VIA DAULE C.C. HPERMARKET,04-3732000 EXT 4344,CABRERA MACIAS JOSE LUIS,SI,12H00,10H00 A 20H00,09H00 A 19H00,cskm12.5viadaule.guayaquil@servientrega.com.ec
-2.159214,-79.928055,SUR,GUAYAS,GUAYAQUIL,DIRECTO,GUAYAQUIL_KM 4.5 VIA DAULE,NORTE,KM 4.5 VIA DAULE MI COMISARIATO MAPASINGUE,04-3732000 EXT 4316,LOPEZ FUENTES BRYAN PAUL,SI,10H30,09H00 A 20H00,09H00 A 13H00,cskm4.5viadaule.guayaquil@servientrega.com.ec
-2.1377550,-79.9337010,SUR,GUAYAS,GUAYAQUIL,DIRECTO,GUAYAQUIL_KM 7.5 VIA DAULE,NORTE,VIA DAULE KM 7.5 S/N AV JUAN TANCA MARENGO 1 MZ 11 SL 8 JUNTO A INDUSTRIAS TONI,043732000 EXT 4357,BETANCOURT HOYOS ISABEL CRISTINA,SI,10H30,09H00 A 20H00,10H00 A 13H00,cskm7.5viadaule@servientrega.com.ec
-2.251205,-79.883687,SUR,GUAYAS,GUAYAQUIL,CRESS,GUAYAQUIL_LA FLORESTA AV PRINCIPAL,SUR,LA FLORESTA COOP LOS LAURELES MZ 754 SL 15 - A LADO CAJERO COOP JEP,0992867500,CABRERA MACIAS JOSE LUIS,SI,12H00,09H00 - 18H00,09H00 - 13H00,cslaflorestaprincipal.guayaquil@gmail.com
-2.194284,-79.903546,SUR,GUAYAS,GUAYAQUIL,CRESS,GUAYAQUIL_LEONIDAS PLAZA,SUR,LEONIDAS PLAZA 609 E/ PEDRO PABLO GOMEZ Y AYACUCHO,09-78625302,LOPEZ FUENTES BRYAN PAUL,SI,10H30,08H30 A 18H30,09:00 A 14:00,csleonidasplaza.guayaquil@gmail.com
-2.159106637090,-79.94790470425,SUR,GUAYAS,GUAYAQUIL,CRESS,GUAYAQUIL_LEOPOLDO CARRERA - CEIBOS,NORTE,LEOPOLDO CARRERA 24 Y AV PERIMETRAL URB LAS CUMBRES CEIBOS SHOPPING PB,04-6015533 / 0987049674,CABRERA MACIAS JOSE LUIS,NO,11H00,08H00 A 19H00,08H00 A 16H00,csleopoldocarrera.guayaquil@gmail.com
-2.1854228,-79.8797726,SUR,GUAYAS,GUAYAQUIL,DIRECTO,GUAYAQUIL_LOJA AEROVIA,CENTRO,LOJA S/N ENTRE PANAMA Y ROCAFUERTE DIAG AL AEREOVIA,04-3732000 EXT 4351,LOPEZ FUENTES BRYAN PAUL,SI,11H00,08H00 A 20H00,09H00 A 13H00,cslojaerovia.guayaquil@servientrega.com.ec
-2.230568,-79.895800,SUR,GUAYAS,GUAYAQUIL,DIRECTO,GUAYAQUIL_LOS ALMENDROS,SUR,CDLA. LOS ALMENDROS MZ O SOLAR 34 - FRENTE A DEPRATI SUR,04-3732000 EXT 4322,BETANCOURT HOYOS ISABEL CRISTINA,SI,10H30,09H00 A 19H00,09H00 A 13H00,cslosalmendros.guayaquil@servientrega.com.ec
-2.1191243,-79.9061136,SUR,GUAYAS,GUAYAQUIL,CRESS,GUAYAQUIL_LOS ROSALES,NORTE,AV. FRANCISCO DE ORELLANA CDLA LOS ROSALES 1 MZ 626 V 15 LOCAL 2,0960000699 - 04 5102737,CABRERA MACIAS JOSE LUIS,SI,12h00,10H00 A 18H30,10H00 A 12H00,csrosales.guayaquil@gmail.com
-2.109.375,-79.949.636,SUR,GUAYAS,GUAYAQUIL,DIRECTO,GUAYAQUIL_MALL DEL FORTIN,NORTE,SEGUNDA ETAPA DE LA CDLA INMACONSA MZ 103 SL 2-3 MALL DEL FORTIN LOCAL 112,04373200 ext 4360,BETANCOURT HOYOS ISABEL CRISTINA,SI,12H00,10H00 A 20H00,10H00 A 20H00,csmalldelfortin.guayaquil@servientrega.com.ec
-2.1247120,-79.9058530,SUR,GUAYAS,GUAYAQUIL,DIRECTO,GUAYAQUIL_MALL DEL RIO,NORTE,AV FRANCISCO DE ORELLANA S/N Y JOSE LUIS TAMAYO TERAN C.C MALL DEL RIO LOCAL 100 P.B,04-3732000 EXT 4353,CABRERA MACIAS JOSE LUIS,SI,11H00,10H00 A 20H00,10H00 A 21H00,csmalldelrio.guayaquil@servientrega.com.ec
-2.197589,-79.880829,SUR,GUAYAS,GUAYAQUIL,DIRECTO,GUAYAQUIL_MALL MALECON 2000,CENTRO,AV SIMON BOLIVAR CC MALECON 2000 LOCAL BMLCC001,043732000 EXT 4330,LOPEZ FUENTES BRYAN PAUL,NO,12H00,10H00 A 20H00,10H00 A 20H00,csmallmalecon.guayaquil@servientrega.com.ec
-2.142318,-79.92371,SUR,GUAYAS,GUAYAQUIL,CRESS,GUAYAQUIL_MARTHA DE ROLDOS,NORTE,MARTHA DE ROLDOS AV 38 A Y CALLEJON 18 F MZ0615 S 12 DG AL REGIOSTRO CIVIL,0959698187,LOPEZ FUENTES BRYAN PAUL,SI,11h00,09H00 A 12H30 - 13H30 A 18H00,09H00 A 13H00,csmarthaderoldos.guayaquil@gmail.com
-2.195039,-79.887518,SUR,GUAYAS,GUAYAQUIL,CRESS,GUAYAQUIL_MERCADO CENTRAL,CENTRO,LORENZO DE GARAICOA 1503 Y SUCRE FRENTE AL TIA,0986653927,LOPEZ FUENTES BRYAN PAUL,SI,12H00,08H30 A 18H00,08H00 A 13H00,Csmercadocentral.guayaquil@gmail.com
-2.164640,-79.918730,SUR,GUAYAS,GUAYAQUIL,CRESS,GUAYAQUIL_MIRAFLORES,NORTE,MIRAFLORES - CALLE SEXTA Y AV CENTRAL - DIAGONAL A INTERLAB,0984163657,CABRERA MACIAS JOSE LUIS,SI,12h00,08H30 - 18H30,08H30 - 13H30,csmiraflores.guayaquil@gmail.com
-2.082050,-79.915789,SUR,GUAYAS,GUAYAQUIL,DIRECTO,GUAYAQUIL_MUCHO LOTE GRAN AKI,NORTE,AV.FCO.DE ORELLANA S/N ISIDRO AYORA,3732000 ext 4317,LOPEZ FUENTES BRYAN PAUL,SI,10H00,10H00 A 20H00,09:00 A 13:00,csmucholotegranaki.guayaquil@servientrega.com.ec
-2.06710,-79.89985,SUR,GUAYAS,GUAYAQUIL,CRESS,GUAYAQUIL_MUCHO LOTE 2,NORTE,AUTOPISTA NARCISA DE JESUS MZ 1243 SOLAR 43 URB. VICTORIA CLUB DIAG COMISARIATO,999437955,LOPEZ FUENTES BRYAN PAUL,SI,11H00,09H00 A 12H30 - 13H00 A 18H30,09H00 A 13H00,csmucholote2.guayaquil@gmail.com
-2.100276,-79.937592,SUR,GUAYAS,GUAYAQUIL,DIRECTO,GUAYAQUIL_PARQUE CALIFORNIA,OESTE,KM 10.5 S/N VIA A DAULE PARQUE CALIFORNIA,04-3732000 EXT 4315,BETANCOURT HOYOS ISABEL CRISTINA,SI,-,09H00 A 13H00 - 14H00 A 18H00,09H00 A 13H00,csparquecalifornia.guayaquil@servientrega.com.ec
-2.097087,-79.916501,SUR,GUAYAS,GUAYAQUIL,CRESS,GUAYAQUIL_PARQUE LINEAL MUCHO LOTE 1,NORTE,MUCHO LOTE 1 ETAPA 6 MZ 2642 SL 50 FRENTE AL PARQUE LINEAL JUNTO ASADERO CHANITO,0999950010,CABRERA MACIAS JOSE LUIS,SI,11h00,09H30 A 12H30 - 13H30 A 18H00,08H00 A 12H00,csmucholoteparquelineal.gye@gmail.com
-2.06806,-79.93239,SUR,GUAYAS,GUAYAQUIL,CONCESION,GUAYAQUIL_PASCUALES AV PRINCIPAL,NORTE,AV 28 DE AGOSTO 0507 E/ CUARTA Y QUINTA FRTE AL TUTI,0979748012 - 0997546676,CABRERA MACIAS JOSE LUIS,SI,11h30,09H00 - 17H00,09H00 - 14H00,cspascuales1.guayaquil@gmail.com
-2.177267,-79.941042,SUR,GUAYAS,GUAYAQUIL,CRESS,GUAYAQUIL_PIAZZA CEIBOS,OESTE,AV. DEL BOMBERO S/N ( PIAZZA ) AL LADO DEL HOSPITAL DEL IESS CEIBOS,04-3812081,LOPEZ FUENTES BRYAN PAUL,SI,12H30,09H30 A 18H30,09H30 A 13H00,cspiazzaceibos.guayaquil@gmail.com
-2.0864,-79.929250,SUR,GUAYAS,GUAYAQUIL,DIRECTO,GUAYAQUIL_PLAZA CORONEL,NORTE,URB MUCHO LOTE 1 VIGESIMO QUINTA ETAPA VII E ISIDRO AYORA PLAZA CORONEL,3732000 EXT 4354,CABRERA MACIAS JOSE LUIS,SI,12H00,09H30 A 12H00 - 13H00 A 18H30,09H00 A 13H00,csplazacoronel.guayaquil@servientrega.com.ec
-2.171396,-79.898152,SUR,GUAYAS,GUAYAQUIL,DIRECTO,GUAYAQUIL_PLAZA DANIN 106,NORTE,AV C. L. PLAZA DANIN 106 Y AV SAN JORGE,04-3732000 EXT4329,CABRERA MACIAS JOSE LUIS,SI,11H00,08H00 A 20H00,09H00 A 13H00,csplazadanin106.guayaquil@servientrega.com.ec
-2.145412,-79.895430,SUR,GUAYAS,GUAYAQUIL,CRESS,GUAYAQUIL_PLAZA LA GARZOTA,NORTE,C.C. PLAZA LA GARZOTA LOCAL 2 - AGUSTIN FREIRE MZ 2 SOLAR 1-15 - JUNTO A SUPERMAXI,04-6037760,CABRERA MACIAS JOSE LUIS,SI,12H00,09H30 A 18H30,09:30 A 12:00,csplazalagarzota.guayaquil@gmail.com
-2.208493,-79.9058429,SUR,GUAYAS,GUAYAQUIL,CRESS,GUAYAQUIL_PORTETE 1820 Y GARCIA MORENO,CENTRO SUR,PORTETE 1820 ENTRE GARCIA MORENO Y AV DEL EJERCITO,0993739306,CABRERA MACIAS JOSE LUIS,SI,11H00,09H00 - 19H00,09H00 - 13H00,csportete1820.guayaquil@gmail.com
211365,7989950,SUR,GUAYAS,GUAYAQUIL,CRESS,GUAYAQUIL_SAMANES 1,NORTE,AV. FRANCISCO RIZZO S/N CDLA SAMANES 1 MZ 0144 SL 6 REF DIAG A LA FARMACIA CRUZ AZUL,0978613016,LOPEZ FUENTES BRYAN PAUL,SI,11H00,09H00 A 13H00 - 14H00 A 18H30,09H00 A 14H00,cssamanes1.guayaquil@gmail.com
-2.110222,-79.908139,SUR,GUAYAS,GUAYAQUIL,CRESS,GUAYAQUIL_SAMANES VI TNTE HUGO ORTIZ,NORTE,SAMANES VI AV FRANCISCO DE ORELLANA S/N TEODORO ALVARADO,0987390919,BETANCOURT HOYOS ISABEL CRISTINA,SI,11H00,08H00 A 19H00,08H00 A 18H00,cs.samanes6.guayaquil@gmail.com
-2.191549,-79.881212,SUR,GUAYAS,GUAYAQUIL,DIRECTO,GUAYAQUIL_SAN FRANCISCO 300,CENTRO,PEDRO CARBO S/N Y AV. 9 DE OCTUBRE,04-3732000 EXT 4310,CABRERA MACIAS JOSE LUIS,NO,-,08H30 A 18H30,NO LABORA,cssanfrancisco300.guayaquil@servientrega.com.ec
-2.126437,-79.893699,SUR,GUAYAS,GUAYAQUIL,CRESS,GUAYAQUIL_SAUCES 6,NORTE,SAUCES VI MZ 259 F44 VILLA 10 JTO. A IGLESIA SANTA ISABEL,0982537417,CABRERA MACIAS JOSE LUIS,SI,13H30,08:00 a 19:00,09:00 a 13:00,cssauces6.guayaquil@gmail.com
-2.137227,-79.892303,SUR,GUAYAS,GUAYAQUIL,CRESS,GUAYAQUIL_SAUCES 7,NORTE,SAUCES VII MZ F-384 SOL 01 FRENTE A BLOQUES DE APANOR DIAG POLLOS LA ESQUINA DE ALES,0997278712,CABRERA MACIAS JOSE LUIS,SI,11h00,08H00 A 19H00,08H00 A 13H00,cssauces7.guayaquil@gmail.com
-2.1286959,-79.8993105,SUR,GUAYAS,GUAYAQUIL,CRESS,GUAYAQUIL_SAUCES 8,NORTE,SAUCES 8 MZ. F 505 SOLAR 14 AV ISIDRO AYORA Y GABRIEL ROLDOS,09-80704965,LOPEZ FUENTES BRYAN PAUL,SI,11H00,09H00 A 19H00,09H00 A 13H00,cssaucesocho.guayaquil@gmail.com
-2.135801,-79.885818,SUR,GUAYAS,GUAYAQUIL,CRESS,GUAYAQUIL_SAUCES II,NORTE,AV ANTONIO PARRA VELASCO Y 12VO CALLEJON 16 SAUCES 2 MZ F114 SL34 FTE A MINI COMISARIATO,0958616398,BETANCOURT HOYOS ISABEL CRISTINA,SI,10H30,08H00 A 13H00 - 14H00 A 19H00,10H00 A 13H00,cssauces2.guayaquil@gmail.com
-2.143.183,-79.879.177,SUR,GUAYAS,GUAYAQUIL,DIRECTO,GUAYAQUIL_TERMINAL TERRESTRE 2,NORTE,"AV BENJAMIN ROSALES Y AV DE LAS AMERICAS, TERMINAL TERRESTRE DE GUAYAQUIL ""DR. JAIME ROLDOS AGUILERA"" LOCAL 47 JUNTO A L",04373200 EXT 4309,BETANCOURT HOYOS ISABEL CRISTINA,SI,11H00,09H00 A 20H00,10H00 A 20H00,csterminalterrestre2.guayaquil@servientrega.com.ec
-2.1538313,-79.9121944,SUR,GUAYAS,GUAYAQUIL,CRESS,GUAYAQUIL_URBANOR,NORTE,CDLA URBANOR MZ 164 SL 6 - REFERENCIA FRENTE A TUTI - CYBQUIN,0968141059,CABRERA MACIAS JOSE LUIS,SI,12H00,09H00 - 19H00,09H00 A 13H00,csurbanor.guayaquil@gmail.com
-2.167841,-79.910609,SUR,GUAYAS,GUAYAQUIL,CRESS,GUAYAQUIL_URDESA FICUS ESQUINA,NORTE,URDESA CENTRAL - AV VICTOR EMILIO ESTRADA Y FICUS - ESQUINA,098 273 6720,CABRERA MACIAS JOSE LUIS,SI,11h00,09H00 -19H00,09H00 A 13H00,csurdesaficusesq.gye@gmail.com
-2.175006,-79.905166,SUR,GUAYAS,GUAYAQUIL,DIRECTO,GUAYAQUIL_URDESA_BALSAMOS,NOROESTE,VICTOR EMILIO ESTRADA 116 Y BALSAMOS - URDESA - FRENTE A TV CABLE,04-373200 EXT 4324,LOPEZ FUENTES BRYAN PAUL,SI,10H30,09H00 A 12H00 - 13H00 A 18H30,09H00 A 13H00,csurdesabalsamos.guayaquil@servientrega.com.ec
-2.191438,-79.885700,SUR,GUAYAS,GUAYAQUIL,DIRECTO,GUAYAQUIL_VELEZ.627,CENTRO,VELEZ 627 E/. RUMICHACA Y GARCIA AVILEZ,04-3732000 EXT 4328,LOPEZ FUENTES BRYAN PAUL,SI,11H00,09H00 A 19H00,09H00 A 13H00,csvelez627.guayaquil@servientrega.com.ec
-2.09073,-79.90360,SUR,GUAYAS,GUAYAQUIL,CRESS,GUAYAQUIL_VERGELES,NORTE,LOS VERGELES MZ 113 SOLAR 42,0967215271,BETANCOURT HOYOS ISABEL CRISTINA,SI,12H30,08H00 A 18H30,08H00 A 13H30,csvergeles.guayaquil@gmail.com
-2.151708,-79.891725,SUR,GUAYAS,GUAYAQUIL,DIRECTO,GUAYAQUIL_VERNAZA NORTE,NORTE,AV.HERMANO MIGUEL SOLAR 16 CALLE 1ERA MZ.17,04-3732000 EXT 4319,CABRERA MACIAS JOSE LUIS,NO,-,08H30 A 19H00,09:00 A 13:00,csvernazanorte.guayaquil@servientrega.com.ec
%E2%88%922.056006,%E2%88%9279.991780,SUR,GUAYAS,GUAYAQUIL,CRESS,GUAYAQUIL_VILLA BONITA,NORTE,VIA DAULE KM 15.5 SOLAR 23 CUARTO CALLEJON 28 MI LOTE VILLA BONITA BLOQUE11 MZ 5404 REF A VEINTE METROS DE PIZZERIA HERO,0999202895,LOPEZ FUENTES BRYAN PAUL,SI,10H30,09H00 A 18H30,09H00 A 13H00,csmilotevillabonita@gmail.com
-4.048212,-78.685756,SUR,ZAMORA,GUAYZIMI,CRESS,GUAYZIMI_CIUDAD PERDIDA,SUR,CIUDAD PERDIDA Y LOJA,0982508418,SIERRA HIDALGO CRISTIAN PATRICIO,SI,10H00,09H00 A 17H00,09H00 A 13H00,Csciudadperdida.guayzimi@gmail.com
-3.481580,-80.235453,SUR,EL ORO,HUAQUILLAS,CRESS,HUAQUILLAS_AV REPUBLICA,CENTRO,AV REPUBLICA S/N Y CHIRIBOGA JUNTO AL ESTADIO HUMBERTO ARTETA,0995251230,RAMIREZ GONZALEZ JUAN CARLOS,SI,12H00,08H00 A 17H00,09H00 A 13H00,csavrepublica.huaquillas@gmail.com
-3.480325,-80.237492,SUR,EL ORO,HUAQUILLAS,DIRECTO,HUAQUILLAS_PRINCIPAL,CENTRO,1 DE MAYO Y HUALTACO,07-3732000 EXT 7308,RAMIREZ GONZALEZ JUAN CARLOS,SI,14h00,08:00 A 12:00 - 14:00 A 18:00,10H00 A 15H00,csprincipal.huaquillas@servientrega.com.ec
-3.607328,-79.632655,SUR,EL ORO,HUERTAS,CRESS,HUERTAS_19 DE OCTUBRE,CENTRO,19 DE OCTUBRE Y ANGEL CASTRO,0988756214,RAMIREZ GONZALEZ JUAN CARLOS,SI,14H00,09H00 A 18H00,09H00 A 13H00,cs.huertas19deoctubre@gmail.com
0.356176,-78.124358,NORTE,IMBABURA,IBARRA,CRESS,IBARRA_AJAVI,NORTE,JUAN LEON MERA 3-94 Y VICTOR MANUEL GUZMAN,0991191597,ANDRADE GUERRERO JAIME ERNESTO,SI,11H00,08H00 A 13H00 - 14H00 A 18H30,08H00 A 14H00,csajavi.ibarra@hotmail.com
0.349805,-78.1230498,NORTE,IMBABURA,IBARRA,DIRECTO,IBARRA_JAIME RIVADENEIRA,OESTE,AV. JAIME RIVADENEIRA N5-52 Y PEDRO MONCAYO,06-3732000 EXT 6305,ANDRADE GUERRERO JAIME ERNESTO,NO,-,08H30 A 13H00 - 14H30 A 18H00,NO LABORA,csjaimerivadeneira.ibarra@servientrega.com.ec
0.3233233,-78.1187095,NORTE,IMBABURA,IBARRA,CRESS,IBARRA_LA CANDELARIA,NORTE,QUILANGO 4-61 Y AV. EL RETORNO,06-2539106,ANDRADE GUERRERO JAIME ERNESTO,SI,10H00,08H00 A 13H00 - 14H00 A 18H00,08H00 A 12H00,cslacandelaria.ibarra@hotmail.com
0.345382,-78.1096268,NORTE,IMBABURA,IBARRA,CRESS,IBARRA_LA VICTORIA,CENTRO,HUGO GUZMAN LARA Y CALLE SN,0994820876,ANDRADE GUERRERO JAIME ERNESTO,SI,11H00,09H00 A 18H00,09H00 A 12H00,cslavictoria.ibarra@hotmail.com
0.33432,-78.1165069,NORTE,IMBABURA,IBARRA,CRESS,IBARRA_LOS CEIBOS,SUR,AV EL RETORNO 856 Y RIO PASTAZA,0998741626,ANDRADE GUERRERO JAIME ERNESTO,SI,10H00,08H00 A 20H00,09H00 A 17H00,cs15ibarra@hotmail.com
0.3481961,-78.1280379,NORTE,IMBABURA,IBARRA,DIRECTO,IBARRA_MARIANO ACOSTA,OESTE,AV MARIANO ACOSTA 15 Y CRISTOBAL GOMEZ JURADO,06-3732000 EXT 6308,ANDRADE GUERRERO JAIME ERNESTO,SI,09H30,08H00 A 18H00,08H00 A 12H00,csmarianoacosta.ibarra@servientrega.com.ec
0.3560123,-78.1381776,NORTE,IMBABURA,IBARRA,DIRECTO,IBARRA_PRINCIPAL,NORESTE,AV. FRAY VACAS GALINDO 15-50 Y AV.RODRIGO DE MIO,06-3732000 EXT 6307,ANDRADE GUERRERO JAIME ERNESTO,SI,09H00,08H00 A 19H00,08H00 A 12H00,csprincipal.ibarra@servientrega.com.ec
0.34966,-78.1204033,NORTE,IMBABURA,IBARRA,DIRECTO,IBARRA_SANCHEZ,CENTRO NORTE,SANCHEZ Y CIFUENTES 9-54 Y PEDRO MONCAYO,06-3732000 EXT 6112,ANDRADE GUERRERO JAIME ERNESTO,SI,11H00,08H00 A 13H00 - 14H00 A 17H00,08H00 A 12H00,cssanchez.ibarra@servientrega.com.ec
0.3483633,-78.1178264,NORTE,IMBABURA,IBARRA,DIRECTO,IBARRA_SUCRE,CENTRO,SUCRE 8-52 E/ PEDRO MONCAYO Y VELASCO,06-3732000 EXT 6310,ANDRADE GUERRERO JAIME ERNESTO,SI,11H00,08H30 A 13H00 - 14H30 A 18H00,NO LABORA,cssucre.ibarra@servientrega.com.ec
0.341837,-78.121614,NORTE,IMBABURA,IBARRA,CRESS,IBARRA_TEODORO GOMEZ 1,NORTE,SANCHEZ Y CIFUENTES 17-66 Y AV. TEODORO GOMEZ,0939688112 - 0968007103,ANDRADE GUERRERO JAIME ERNESTO,SI,10H00,08H00 A 18H00,08H00 A 13H00,austinvive@gmail.com
-1.881323,-80.147035,SUR,GUAYAS,ISIDRO AYORA,CONCESION,ISIDRO AYORA_30 DE JULIO,CENTRO,AV JUAN MONTALVO Y 30 DE JULIO ENTRADA AL MUNICIPIO,0968532767,CABRERA MACIAS JOSE LUIS,SI,12:30,09H00 - 17H00,09H00 - 14H00,csisidroayora.av30dejulio@gmail.com
-16.76806,-79.643926,SUR,LOS RIOS,ISLA DE BEJUCAL,CRESS,ISLA DE BEJUCAL_PRINCIPAL,CENTRO,AV. BABAHOYO S/N Y CALLEJON A FRENTE AL PARQUE CENTRAL ISLA DE BEJUCAL,0991957723,ESPIN OVIEDO JOSE EUCLIDES,NO,12H00,08H00 A 12H00 - 14H00 A 16H30,09H00 A 13H00,csprincipal.islabejucal@gmail.com
-0.946651,-80.639366,SUR,MANABI,JARAMIJO,CRESS,JARAMIJO_AV. 23 DE OCTUBRE,CENTRO,AV. 23 DE OCTUBRE S/N Y 1 DE ENERO REF DIAG A LA ESCUELA LUIS FELIPE CHAVEZ,0959439829,GONZALEZ PINZON PABLO JAVIER,SI,14H00,09H00 A 17H00,09H00 A 12H30,csav23deoctubre.jaramijo@gmail.com
-2.8036191,-78.8744697,SUR,CANAR,JAVIER LOYOLA,CRESS,JAVIER LOYOLA_CHUQUIPATA,SUR,CENTRO PARROQUIAL JAVIER LOYOLA CHUQUIPATA FRENTE A LA UNAE A LADO DE LA FARMACIA SUIZA,0999047534,ROSA HERMELINDA QUITO SINCHI,SI,10H00,09H00 A 12H00 - 14H00 A 19H00,09H00 A 12H30,CSCHUQUIPATA.JAVIERLOYOLA@GMAIL.COM
-1.348118,-80.577333,SUR,MANABI,JIPIJAPA,DIRECTO,JIPIJAPA_VICTOR MANUEL RENDON,CENTRO,CALLE BOLIVAR ENTRE VICTOR MANUEL RENDON Y RICAURTE,05-3732000 EXT 5304,TANIA YESENIA GARCIA LUNA,SI,11H00,08:00 a 12:00 - 13:00 a 18:00,08:00 a 12:00,csvictormanuelrendon.jipijapa@servientrega.com.ec
-0.294087,-76.853825,NORTE,ORELLANA,JOYA DE LOS SACHAS,CONCESION,JOYA DE LOS SACHAS_MARISCAL,CENTRO,AV MARISCAL SUCRE 3403 Y MONSENOR LABAKA,0978929423,MANYA CUJI MARCO ANTONIO,SI,10H00,08H00 A 13H00 - 14H00 A 17H00,08H00 A 12H00,CSSACHA.MARISCAL@HOTMAIL.COM
-1.88689,-79.55642,SUR,GUAYAS,JUJAN,CONCESION,JUJAN_13 DE NOVIEMBRE,CENTRO,13 DE NOVIEMBRE S/N Y 16 DE FEBRERO DIAG. A FERRETERIA DEL PUEBLO,959231638,ESPIN OVIEDO JOSE EUCLIDES,SI,11H00,09H00 A 13H00 - 14H00 A 17H00,09H00 A 12H00,cs13denoviembre.jujan@gmail.com
-0.926731,-80.206733,SUR,MANABI,JUNIN,CONCESION,JUNIN_AV. 8 DE NOVIEMBRE,CENTRO,8 DE NOV.S/N ELOY ALFARO Y VICENTE MENDOZA,09-68922071,TANIA YESENIA GARCIA LUNA,SI,10H00,10:00 A 16:30,09:00 a 12:00,csav8denoviembre.junin@gmail.com
-0.5914520,-79.5132500,SUR,LOS RIOS,LA 14 VIA EL PARAISO,CONCESION,LA 14 VIA EL PARAISO_JULIO AROSEMENA,CENTRO,JULIO AROSEMENA S/N Y ALBERTO FERRI FRENTE A HELADERIA ARI,0-991453952 - 0-939818982,CEDENO MAZAMBA HECTOR JAVIER,SI,14H00,08H00 A 12H00 - 13H00 A 16H00,NO LABORA,csjulioarosemena.la14elparaiso@gmail.com
0.0014361,-79.3962596,NORTE,ESMERALDAS,LA CONCORDIA,CONCESION,LA CONCORDIA_SAN RAFAEL,CENTRO,BABAHOYO SN Y JUAN MONTALVO,02-2728146 / 0998948649,PANCHI VALENCIA MARTHA CECILIA,SI,10H00,08H30 A 13H00 - 14H00 A 18H00,08H00 A 12H00,cslaconcordia.sanrafael@hotmail.com
-0.964667,-79.421142,SUR,LOS RIOS,LA ESPERANZA,CRESS,LA ESPERANZA_CALLE PRINCIPAL,CENTRO,AV 7 S/N Y CALLE D FRENTE A TALLER INDUSTRIAL PEÑAFIEL,0991155654,CEDENO MAZAMBA HECTOR JAVIER,SI,13H00,08H30 A 12H30 - 13H30 A 17H00,08H30 A 12H30,cscalleprincipal.laesperanza@hotmail.com
-2.227219,-80.919339,SUR,SANTA ELENA,LA LIBERTAD,CRESS,LA LIBERTAD_BARRIO 28 DE MAYO,SUR,DIAGONAL AL SHOPPING LA LIBERTAD BARRIO 28 DE MAYO AV. 12 38 E./ CALLES 11 Y 12 FRENTE A RESTAURANT SAN SEBASTIAN,0998862905,OMAR CRISTOBAL MACIAS MAYOR,SI,14H00,08H00 A 17H00,09H00 A 14H30,csbarrio28demayo.lalibertad@gmail.com
-2.225099,-80.913532,SUR,SANTA ELENA,LA LIBERTAD,CRESS,LA LIBERTAD_CALLE 16,CENTRO,CALLE 16 ENTRE AV 7MA Y AV 8VA DIAGONAL A RADIO RECORD,0968880941,OMAR CRISTOBAL MACIAS MAYOR,SI,10H00,09H00 A 12H00 - 13H00 A 17H00,09H00 A 13H00,cscalle16.lalibertad@gmail.com
-2.225906,-8.014897576,SUR,SANTA ELENA,LA LIBERTAD,DIRECTO,LA LIBERTAD_CL VIA BALLENITA,OESTE,VIA LA LIBERTAD BALLENITA SOLAR 1 Y CALLE C11 MZ. 33 FRENTE A LA REFINERIA LA LIBERTAD,0989836025,OMAR CRISTOBAL MACIAS MAYOR,SI,08H00,08H00 A 18H00,09H00 A 14H00,csclviaballenita.lalibertad@servientrega.com.ec
-2.22863,-80.90747,SUR,SANTA ELENA,LA LIBERTAD,CRESS,LA LIBERTAD_ELEODORO SOLORZANO,OESTE,"AV ELEODORO SOLORZANO ENTRE CALLE 21-22 DIAGONAL AL PARQUE DE LOS HAMBRIENTOS, FRENTE A PERNIACERO.",0939668143,OMAR CRISTOBAL MACIAS MAYOR,SI,14H00,09H00 A 17H30,09H30 A 13H30,cseleodorosolorzano.lalibertad@gmail.com
-2.2200767,-80.905498,SUR,SANTA ELENA,LA LIBERTAD,DIRECTO,LA LIBERTAD_SECTOR PUERTO RICO,CENTRO,SECTOR PUERTO RICO AV. 2DA S/N Y AV. 27,04-3732000 4338,OMAR CRISTOBAL MACIAS MAYOR,SI,13H30,08H00 A 18H00,09:00 A 14:00,csectorpuertorico.lalibertad@servientrega.com.ec
-0.940697,-79.220612,SUR,COTOPAXI,LA MANA,CONCESION,LA MANA_AV. 19 DE MAYO,CENTRO,AV. 19 DE MAYO Y AMERICA,032568316 - 09-68532714,CEDENO MAZAMBA HECTOR JAVIER,SI,11H30,08:00 a 13:00 - 14:00 a 16:00,08:00 A 14:00,csav19demayo.lamana@gmail.com
-0.936700,-79.22330,SUR,COTOPAXI,LA MANA,CRESS,LA MANA_VIRGEN DEL CARMEN,NORTE,AV SAN PABLO Y OTTO AROSEMENA JUNTO A FANDENTAL DIAGONAL A VIRGEN DEL CARMEN,0967308043,CEDENO MAZAMBA HECTOR JAVIER,SI,12H00,08H00 A 12H30 - 13H30 A 16H00,08H00 A 13H00,CSVIRGENDELCARMEN.LAMANA@GMAIL.COM
0.301409,-79.274253,NORTE,PICHINCHA,LA SEXTA,CONCESION,LA SEXTA_PRINCIPAL,CENTRO,CALLE A MZ 33 SOLAR 7 Y OLMEDO,0990686732,MARIA SOLEDAD OVIEDO CARGUACUNDO,SI,15h00,08H30 A 17H00,08H30 A 12H00,csprincipal.lasexta@hotmail.com
-2.426833,-79.340624,SUR,CANAR,LA TRONCAL,CONCESION,LA TRONCAL_CALLE 24,CENTRO,AV. 24 DE MAYO # 308 Y ELOY ALFARO,07-2423733,BETANCOURT HOYOS ISABEL CRISTINA,SI,13H00,09:00 a 18:00,09:00 a 15:00,cscalle24.latroncal@gmail.com
-1.711136,-79.395721,SUR,LOS RIOS,LA UNION (BABAHOYO),CONCESION,LA UNION (BABAHOYO)_ABRAHAM FREIRE,CENTRO,AV. ABRAHAM FREIRE S/N Y CALLE L A MEDIA CUADRA DEL MINI BAZAR SAN ANDRES,0988290221,ESPIN OVIEDO JOSE EUCLIDES,SI,11H30,09H00 A 16H00,09H00 A 14H00,cslaunionbabahoyo@gmail.com
0.1364872,-79.4038581,NORTE,ESMERALDAS,LA UNION (QUININDE),CONCESION,LA UNION (QUININDE)_PRINCIPAL,CENTRO,AV PRINCIPAL S/N Y AV. QUITO,0994555019,PANCHI VALENCIA MARTHA CECILIA,SI,09H30,08H30 A 18H00,08H30 A 14H00,servientrega.launion@hotmail.com
1.046011,-79.279640,NORTE,ESMERALDAS,LAGARTO,CRESS,LAGARTO_PRINCIPAL,CENTRO,VIA A BORBON LOTE 15 Y CALLE B,0994496503,VELASCO BAILON NANCY ELIZABETH,SI,14H00,08H00 A 13H00 - 14H00 A 18H00,08H00 A 13H00,csprincipal.lagarto@hotmail.com
0.0831652,-76.8959169,NORTE,SUCUMBIOS,LAGO AGRIO,DIRECTO,LAGO AGRIO_NAPO,NORTE,VIA A QUITO KM 1 Y PASAJE BOLIVIA,3732000 EXT 6323,MANYA CUJI MARCO ANTONIO,SI,11H00,09H00 A 13H00 - 14H00 A 18H00,09H00 A 13H00,csnapo.lagoagrio@servientrega.com.ec
0.0839321,-76.8835164,NORTE,SUCUMBIOS,LAGO AGRIO,DIRECTO,LAGO AGRIO_PRINCIPAL,CENTRO,AV. ELOY ALFARO 317 Y 12 DE FEBRERO,06-3732000 EXT 6312,MANYA CUJI MARCO ANTONIO,SI,09H00,08H00 A 18H00,08H00 A 12H00,csprincipal.lagoagrio@servientrega.com.ec
0.0832649,-76.891671,NORTE,SUCUMBIOS,LAGO AGRIO,CRESS,LAGO AGRIO_VIA QUITO,CENTRO,VIA QUITO 1014 Y VIA LA LAGUNA,06-2818222,MANYA CUJI MARCO ANTONIO,NO,-,09H00 A 17H30,09H00 A 13H00,cs4.lagoagrio@hotmail.com
-1.286326,-79.316450,SUR,BOLIVAR,LAS NAVES,CRESS,LAS NAVES_10 DE AGOSTO,CENTRO,10 DE AGOSTO ENTRE OVIDIO VEGA Y 12 DE OCTUBRE JUNTO A LIBRERIA BACHITA,0995161764,CEDENO MAZAMBA HECTOR JAVIER,SI,14H00,08H00 A 12H00 - 13H00 A 17H00,08H00 A 13H00,cs.10deagosto.lasnaves@gmail.com
-0.756331,-78.611117,NORTE,COTOPAXI,LASSO,CRESS,LASSO_PRINCIPAL,NORTE,VIA TOACASO S/N E IVON DE GOMEZ,0987555739,HURTADO LEMA SEGUNDO BYRON,SI,12H00,09H00 A 13H00 - 14H00 A 17H30,-,csprincipal.lasso@hotmail.com
-0.923693,-78.620166,NORTE,COTOPAXI,LATACUNGA,DIRECTO,LATACUNGA_AEROPUERTO,NORESTE,AV. AMAZONAS 16-63 Y CARLOS ARROYO DEL RIO,03-3732000 EXT 3309,HURTADO LEMA SEGUNDO BYRON,SI,11H00,08H00 A 13H00 - 14H00 A 17H00,NO LABORA,csaeropuerto.latacunga@servientrega.com.ec
-0.935490,-78.617265,NORTE,COTOPAXI,LATACUNGA,DIRECTO,LATACUNGA_AV. AMAZONAS,CENTRO,AV. AMAZONAS 1766 Y GENERAL MALDONADO,03-3732000 EXT 3310,HURTADO LEMA SEGUNDO BYRON,SI,10H00,09H00 A 13H00 Y 14H00 A 18H00,08H00 A 12H00,csamazonas.latacunga@servientrega.com.ec
-0.8901820,-78.6167460,NORTE,COTOPAXI,LATACUNGA,DIRECTO,LATACUNGA_BELLAVISTA,NORTE,AV. MIGUEL ITURRALDE S/N Y SAN IGNACIO,3732000,HURTADO LEMA SEGUNDO BYRON,SI,11H00,08H30 A 13H00 - 14H00 A 17H30,-,csbellavista.latacunga@servientrega.com.ec
-0.929104,-78.623627,NORTE,COTOPAXI,LATACUNGA,DIRECTO,LATACUNGA_LA ESTACION,NORTE,ELOY ALFARO S/N Y GENERAL JUAN MONTERO,03-3732000 EXT 3311,HURTADO LEMA SEGUNDO BYRON,SI,10H00,08H00 A 12H30 - 14H00 A 18H30,08H30 A 12H30,cslaestacion.latacunga@servientrega.com.ec
-0.951929,-78.610195,NORTE,COTOPAXI,LATACUNGA,DIRECTO,LATACUNGA_PRINCIPAL,SUR,AV. UNIDAD NACIONAL SN Y 1ERO DE ABRIL,03-3732000 EXT 3319,HURTADO LEMA SEGUNDO BYRON,SI,08h30,08H00 A 13H00 - 14H00 A 17H00,08H00 A 13H00,csprincipal.latacunga@servientrega.com.ec
-0.928398,-78.612794,NORTE,COTOPAXI,LATACUNGA,DIRECTO,LATACUNGA_SAN SEBASTIAN,NORTE,AV NAPO S/N Y CALIXTO PINO,3732000 EXT 3324,HURTADO LEMA SEGUNDO BYRON,SI,11H00,09H00 A 13H00 - 14H00 A 18H00,NO LABORA,cssansebastian.latacunga@servientrega.com.ec
-2.9664915,-78.4310165,NORTE,MORONA SANTIAGO,LIMON INDANZA,CONCESION,LIMON INDANZA_PRINCIPAL,CENTRO,28 DE MAYO S/N Y AV. DEL EJERCITO,072770227 /0992293955,ANDRES FELIPE RIOS GARCIA,SI,12H00,09H00 A 13H00 - 14H00 A 18H00,NO LABORA,megaestaciondelsur@gmail.com
-3.59436,-79.12378,SUR,LOJA,LOJA,CRESS,LOJA_AV. MANUEL CARRION PINZANO,SUR,AV MANUEL CARRION PINZANO Y EPLICACHIMA,0999472017,SIERRA HIDALGO CRISTIAN PATRICIO,SI,11H00,09H30 A 13H00 - 15H00 A 17H00,09H00 A 12H00,csavmanuelcarrion.loja@gmail.com
-3.99313,-79.20422,SUR,LOJA,LOJA,CRESS,LOJA_BERNARDO VALDIVIESO,CENTRO,BERNARDO VALDIVIESO 209 - 18 MERCADILLO,0939968441,SIERRA HIDALGO CRISTIAN PATRICIO,SI,10H00,09H30 A 12H40 - 14H00 A 18H00,09H30 A 13H00,csloja.bernardovaldivieso@gmail.com
-3.99313,-79.20422,SUR,LOJA,LOJA,CRESS,LOJA_C.C MALL DON DANIEL,SUR,18 DE NOVIEMBRE S/N Y CHILE P.B C.C DON DANIEL,0963125037,SIERRA HIDALGO CRISTIAN PATRICIO,SI,11H00,10H00 A 13H00 - 15H00 A 17H30,10H00 A 12H00,csmalldondaniel.loja@gmail.com
-3.9931300,-79.2042200,SUR,LOJA,LOJA,CRESS,LOJA_CALLE SIMON BOLIVAR,SUR,CALLE SIMON BOLIVAR S/N Y VICENTE ROCAFUERTE REF A MEDIA CUADRA DEL BANCO DE LOJA,0990645094,SIERRA HIDALGO CRISTIAN PATRICIO,NO,N/A,09H00 A 17H00,NO LABORA,cscallesimonbolivar.loja@gmail.com
-3.978,-79.213,SUR,LOJA,LOJA,DIRECTO,LOJA_CL PARQUE INDUSTRIAL,NORTE,NUEVA YORK Y SALVADOR BUSTAMANTE CELI,07-3732000 EXT 7316,SIERRA HIDALGO CRISTIAN PATRICIO,SI,10H00,08H00 A 12H00 - 14H00 A 18H00,09H00 A 12H00,csclparqueindustrial.loja@servientrega.com.ec
-3.968585,-79.206920,SUR,LOJA,LOJA,DIRECTO,LOJA_FRANCISCO LECARO,NORTE,FRANCISCO LECARO Y JAIME ROLDOS ESQ.,07-3732000 EXT 7310,SIERRA HIDALGO CRISTIAN PATRICIO,SI,11H00,08H00 A 19H00,09:00 A 12:00,csfranciscolecaro.loja@servientrega.com.ec
-3.991417,-79.202713,SUR,LOJA,LOJA,DIRECTO,LOJA_JUAN DE SALINAS,NORTE,JUAN DE SALINAS Y MANUEL IGNACIO,07-3732000 EXT 7311,SIERRA HIDALGO CRISTIAN PATRICIO,SI,10h00,08H00 A 12H00 - 13H30 A 17H30,NO LABORA,csjuandedesalinas.loja@servientrega.com.ec
-3.9931300,-79.2042200,SUR,LOJA,LOJA,CRESS,LOJA_JUAN JOSE PENA,SUR,JUAN JOSE PEA 201-40 Y 10 DE AGOSTO,0999110712,SIERRA HIDALGO CRISTIAN PATRICIO,SI,11H00,10H00 A 13H00 - 15H00 A 17H00,NO LABORA,csjuanjosepena.loja@gmail.com
-3.99689,-79.20608,SUR,LOJA,LOJA,CRESS,LOJA_LAURO Y 10 DE AGOSTO,SUR,LAURO GUERRERO Y 10 DE AGOSTO,0991859124,SIERRA HIDALGO CRISTIAN PATRICIO,NO,11H00,09H00 A 13H00 - 14H00 A 17H00,N/A,cslauroguerreroloja.loja@gmail.com
-4.00105,-79.12163,SUR,LOJA,LOJA,DIRECTO,LOJA_MANUEL AGUSTIN AGUIRRE,SUR,AV MANUEL AGUIRRE S/N Y VENEZUELA JUNTO A CNT,3732000 EXT 7309,SIERRA HIDALGO CRISTIAN PATRICIO,SI,12H00,08H00 A 12H00 - 13H30 A 17H30,09H00 A 12H00,csmanuelagustinaguirre.loja@servientrega.com.ec
-4.32932,-79.55625,SUR,LOJA,LOJA,CRESS,LOJA_MIGUEL RIO FRIO,SUR,MIGUEL RIOFRIO S/N EMILIANO ORTEGA,0994378571,SIERRA HIDALGO CRISTIAN PATRICIO,SI,10H30,09H30 A 13H00 Y 14H00 A 17H00,09H00 A 12H00,CS.MIGUELRIOFRIO.LOJA@GMAIL.COM
-3.986722,-79.203050,SUR,LOJA,LOJA,CRESS,LOJA_NUEVA LOJA,NORTE,AV NUEVA LOJA ENTRE GUARANDA Y TULCAN,0980147534,SIERRA HIDALGO CRISTIAN PATRICIO,NO,10H00,09H00 A 17H00,09H00 A 12H00,csnuevaloja.loja@gmail.com
-3.993344,-79.204142,SUR,LOJA,LOJA,CRESS,LOJA_QUITO.15,CENTRO,18 DE NOVIEMBRE S/N Y QUITO,09-93366176,SIERRA HIDALGO CRISTIAN PATRICIO,SI,10H00,09H00 A 13H00- 14H00 A 17H00,NO LABORA,csquito.15.loja@gmail.com
-1.8823523,-80.0793891,SUR,GUAYAS,LOMAS DE SARGENTILLO,CRESS,LOMAS DE SARGENTILLO_EL TELEGRAFO,SUR,EL TELEGRAFO Y VEIZIMO GONZALES,09-91278808,LOPEZ FUENTES BRYAN PAUL,SI,16H00,08:00 a 18:00,08:00 a 14:00,cstelegrafo.lomassargentillo@gmail.com
-2.062861,-79.431694,SUR,GUAYAS,LORENZO DE GARAICOA,CRESS,LORENZO DE GARAICOA_PARQUE CENTRAL,NORTE,CALLE S/N CRNEL LORENZO DE GARAICOA ESQUINA DEL PARQUE CENTRAL,0980891261,LUIS FIERRO FARINO,SI,11H00,08H30 A 17H00,08H30 A 13H00,csavlorenzogaraicoa.milagro@gmail.com
-0.6888268,-77.3109024,NORTE,ORELLANA,LORETO,CONCESION,LORETO_PRINCIPAL,CENTRO,GREGORIO URAPARI S/N Y RAFAEL ANDRADE,06-2892264/ 0987196472,MANYA CUJI MARCO ANTONIO,SI,09H00,08H00 A 12H00 Y 14H00 A 17H00,08H00 A 13H00,servientrega.loreto@hotmail.com
0.0233387,-78.8956102,NORTE,PICHINCHA,SAN MIGUEL DE LOS BANCOS,CONCESION,LOS BANCOS_PRINCIPAL,CENTRO,AV. 17 DE JULIO S/N Y MOISES CARRERA,0994555533,MARIA SOLEDAD OVIEDO CARGUACUNDO,SI,10H30,09H00 A 13H00 - 14H00 A 18H00,09H00 A 14H00,servientrega.cslosbancos@gmail.com
0.0474107,-77.3291814,NORTE,SUCUMBIOS,LUMBAQUI,CONCESION,LUMBAQUI_PRINCIPAL,CENTRO,AV. DE LOS COFANES Y CRISTOBAL COLON,06-2340180/ 0989060321,MANYA CUJI MARCO ANTONIO,SI,13H00,08H00 A 12H00 Y 13H00 A 20H00,NO LABORA,cs1.lumbaqui@hotmail.com
-4.380799,-79.942963,SUR,LOJA,MACARA,CONCESION,MACARA_ABDON CALDERON,CENTRO,BOLIVAR Y ABDON CALDERON,09-79832832,SIERRA HIDALGO CRISTIAN PATRICIO,SI,14H00,09:00 a 17:00,09:00 a 12:00,csabdoncalderon.macara@gmail.com
-2.312849,-78.119028,NORTE,MORONA SANTIAGO,MACAS,CONCESION,MACAS_CENTRAL,CENTRO,ANTONIO SAMANIEGO S/N Y VEINTE Y CUATRO DE MAYO,0993602846,ANDRES FELIPE RIOS GARCIA,SI,14H00,08H00 A 18H00,-,servientrega.macas@hotmail.com
-0.5042854,-78.5707827,NORTE,PICHINCHA,MACHACHI,CONCESION,MACHACHI_CENTRO LOGISTICO,NORTE,AV. PABLO GUARDERAS LT2 Y JAIME ROLDOS,024580381/0980685809,MARIA SOLEDAD OVIEDO CARGUACUNDO,SI,10H00,08H00 A 12H30 - 13H15 A 18H45,08H00 A 13H00,cscl.machachi@hotmail.com
-3.26044,-79.95717,SUR,EL ORO,MACHALA,CRESS,MACHALA_25 DE JUNIO,CENTRO,25 DE JUNIO S/N JUNIN,0968814746,RAMIREZ GONZALEZ JUAN CARLOS,SI,12H00,08H30 A 13H00 - 15H00 A 18H00,08H30 A 13H00,cs25dejunio.machala@gmail.com
-3.273610,-79.927990,SUR,EL ORO,MACHALA,DIRECTO,MACHALA_AV FERROVIARIA 2,CENTRO,AV FERROVIARIA Y CALLEJON,0-3732000 EXT 7312,RAMIREZ GONZALEZ JUAN CARLOS,SI,09h00,08H00 A 18H00,09H00 A 13H00,csavferroviaria.machala@servientrega.com.ec
-3.2623,-79.9577,SUR,EL ORO,MACHALA,DIRECTO,MACHALA_AV. BOLIVAR,CENTRO,BOLIVAR Y TARQUI,07-3732000 EXT 7313,RAMIREZ GONZALEZ JUAN CARLOS,SI,10H00,09:00 A 13:00 - 14:00 A 18:00,N/A,csavbolivar.machala@servientrega.com.ec
-3.273059,-79.957210,SUR,EL ORO,MACHALA,CRESS,MACHALA_AV. COLON TINOCO,SURESTE,AV COLON TINOCO Y AV 4TA - DIAG AL AKI,0978619107,RAMIREZ GONZALEZ JUAN CARLOS,SI,11H00,09H00 A 13H00 - 15H00 A 18H00,09H00 A 12H00,csavcolontinoco.machala@gmail.com
-3.264797,-79.952412,SUR,EL ORO,MACHALA,CRESS,MACHALA_CALLE 10 DE AGOSTO,NORTE,CALLE 10 DE AGOSTO S/N Y CALLEJON 1ERA NORTE JUNTO A PANADERIA CAZA PAN,0958620018-072636034,RAMIREZ GONZALEZ JUAN CARLOS,SI,-,10H00 A 13H00 - 14H00 A 18H00,09H00 A 13H00,cscalle10deagosto.machala@gmail.com
-3.2480,-79.9472,SUR,EL ORO,MACHALA,CRESS,MACHALA_CIRCUNVALACION NORTE,SUR,CIR. NORTE Y JUAN MONTALVO,07-2924759,RAMIREZ GONZALEZ JUAN CARLOS,SI,10H00,08:00 a 17:00,08:00 a 13:00,cscircunvalacionnorte.machala@gmail.com
-3.27222,-79.96266,SUR,EL ORO,MACHALA,CRESS,MACHALA_CIRCUNVALACION SUR,SUR,CIRCUNVALACION SUR JAIME ROLDOS JUNTO A SPA LINDO RETOQUE,0961923374,RAMIREZ GONZALEZ JUAN CARLOS,SI,11H30,09H00 A 13H00 - 14H30 A 18H00,09H00 A 13H00,CSCIRCUNVALACIONSUR.MACHALA@GMAIL.COM
-3.2778267782,-79.91887136441,SUR,EL ORO,MACHALA,DIRECTO,MACHALA_CL PRINCIPAL,ESTE,AV FERROVIARIA SL 39 DIAGONAL A MOVILIDAD DE MACHALA,043732000,RAMIREZ GONZALEZ JUAN CARLOS,SI,10H00,08H00 A 12H30 - 14H00 A 18H00,10H00 A 14H00,cscl.machala@servientrega.com.ec
-3.260508,-79.961664,SUR,EL ORO,MACHALA,DIRECTO,MACHALA_GUAYAS,CENTRO,GUAYAS Y PICHINCHA,073732000 EXT 7319,RAMIREZ GONZALEZ JUAN CARLOS,SI,11H00,08H00 A 18H00,09:00 a 13:00,csguayas.machala@servientrega.com.ec
-3.25775,-79.95329,SUR,EL ORO,MACHALA,CRESS,MACHALA_KLEBER FRANCO 2,CENTRO NORTE,AV. KLEBER FRANCO CRUZ S/N Y CALLE BATALLA DE TARQUI A LADO DE CITYMOTOS S.A.,0998770728,RAMIREZ GONZALEZ JUAN CARLOS,SI,10H30,09H00 A 13H00 - 14H00 A 18H00,09H00 A 13H00,cskleberfranco2.machala@gmail.com
-3.271282,-79.943787,SUR,EL ORO,MACHALA,DIRECTO,MACHALA_LAS BRISAS,CENTRO,AV 25 DE JUNIO Y 1RA AVENIDA,04-3732000 EXT 4326,RAMIREZ GONZALEZ JUAN CARLOS,SI,10H00,09H00 A 13H00 - 14H00 A 18H00,N/A,cslasbrisas.machala@servientrega.com.ec
-3.278998,-79.939075,SUR,EL ORO,MACHALA,CRESS,MACHALA_LAS CRUCITAS,ESTE,AV ALEJANDRO CASTRO BENITEZ ENTRE BRAZIL Y ECUADOR,0959231144,RAMIREZ GONZALEZ JUAN CARLOS,NO,10H00,09H00 A 17H30,09H00 A 13H00,cs.lascrucitas.machala@gmail.com
-3.279831,-79.938307,SUR,EL ORO,MACHALA,CRESS,MACHALA_LAS CRUCITAS 2,ESTE,AV ALEJANDRO CASTRO BENITEZ CDLA LAS CRUCITAS EDIF VIEW,0998012023,RAMIREZ GONZALEZ JUAN CARLOS,SI,10H00,09H00 A 18H00,09H00 A 13H00,cs.lascrucitas2.machala@gmail.com
-3.25156,-79.95870,SUR,EL ORO,MACHALA,CRESS,MACHALA_LAS PALMERAS,NOROESTE,AV LAS PALMERAS #4 Y MARCEL LANEADO,0963259093,RAMIREZ GONZALEZ JUAN CARLOS,SI,11H00,08H30 A 12H30 Y 13H30 A18H00,09H00 A 13H00,cspalmeras.machala@gmail.com
-3.1503,-79.5611,SUR,EL ORO,MACHALA,CRESS,MACHALA_LOS VERGELES,NORTE,CDLA LOS VERGELES CALLE PRINCIPAL Y 4TA B NORTE MULTISERVICIOS DETALLITOS,0968357615,RAMIREZ GONZALEZ JUAN CARLOS,SI,09H00,09H00 A 17H00,09H00 A 13H00,CSVERGELES.MACHALA@GMAIL.COM
-3.2619740,-79.9417260,SUR,EL ORO,MACHALA,CRESS,MACHALA_ORO VERDE 2,NORESTE,AV. CIRCUNVALACION NORTE S/N Y WASHINGTON VILLALTA ZAMBRANO FRENTE AL HOTEL ORO VERDE MACHALA,0984205969,RAMIREZ GONZALEZ JUAN CARLOS,SI,10H30,08H30 A 12H00 - 13H30 A 18H00,09H00 A 13H00,csoroverde2.machala@gmail.com
-3.26128453,-79.9540562,SUR,EL ORO,MACHALA,CRESS,MACHALA_PARQUE COLON,CENTRO,BUENAVISTA 2303 Y OLMEDO DIAGONAL AL PARQUE COLON,0981260542,RAMIREZ GONZALEZ JUAN CARLOS,SI,10H00,08H00 A 18H00,09H00 A 18H00,machala.parquecolon@gmail.com
-3.261676,-79.972214,SUR,EL ORO,MACHALA,CRESS,MACHALA_PARQUE LINEAL,SUROESTE,AV HECTOR CHICA ENTRE MARGARITA BONILLA Y LA 9NA SUR,0979951437,RAMIREZ GONZALEZ JUAN CARLOS,SI,11H00,08H00 A 13H00 - 14H00 A 18H00,08H00 A 14H00,csparquelineal.machala@gmail.com
-3.25973,-79.93008,SUR,EL ORO,MACHALA,CRESS,MACHALA_RAYITO DE LUZ,OESTE,BARRIO RAYITO DE LUZ AV. VOLTAIRE MEDINA S/N Y CALLE EL ORO AL LADO DE POSTRES EDUALLI,0985905889,RAMIREZ GONZALEZ JUAN CARLOS,SI,12H00,08H00 A 18H00,08H00 A 13H00,csrayitodeluz.machala@gmail.com
-3.25983,-79.96356,SUR,EL ORO,MACHALA,CRESS,MACHALA_SANTA ROSA,SUR,SANTA ROSA Y ARIZAGA,0959663902,RAMIREZ GONZALEZ JUAN CARLOS,SI,12H00,09H00 A 17H00,09H00 A 12H00,csssantarosa.machala@gmail.com
-3.2559847715,-79.96031648775,SUR,EL ORO,MACHALA,CRESS,MACHALA_SUCRE 2,CENTRO,SANTA ROSA Y AV SUCRE ESQUINA FRENTE AL COLISEO DE DEPORTES,0991434307,RAMIREZ GONZALEZ JUAN CARLOS,SI,10H00,08H00 A 13H00 - 14H00 A 18H00,09H00 A 13H00,csmachala.sucre2@gmail.com
-3.279940,-79.916420,SUR,EL ORO,MACHALA,CRESS,MACHALA_TERMINAL TERRESTRE,ESTE,C.C TERMINAL TERRESTRE LOCAL 52 KM 3.5 VIA AL CAMBIO,0997902202,RAMIREZ GONZALEZ JUAN CARLOS,SI,10H00,09H00 A 18H00,09H00 A 14H00,machala.ccterminalterrestre@gmail.com
-3.253005,-79.975075,SUR,EL ORO,MACHALA,CRESS,MACHALA_VIA PUERTO BOLIVAR,OESTE,AV BOLIVAR MADERO 1114 Y AV CIRCUNVALACION NORTE JUNTO A CLUB DE LEONES Y SUPERMAXI,098 872 1836,RAMIREZ GONZALEZ JUAN CARLOS,SI,10H30,08H30 A 17H30,09H00 A 13H00,CSVIAPUERTOBOLIVAR.MACHALA@GMAIL.COM
-4.218,-79.260,SUR,LOJA,MALACATOS,CRESS,MALACATOS_BATALLON MONTUFAR,SUR,CALLE PIO MONTUFAR S/N Y AV. LAURO CORONEL FRENTE A CAFETERIA QUIMBOLITOS,0992504314,SIERRA HIDALGO CRISTIAN PATRICIO,NO,08H30,09H30 A 13H00 - 14H30 A 17H00,09H00 A 12H30,csbatallonmontufar.malacatos@gmail.com
-3.99313,-79.20422,SUR,LOJA,MALACATOS,CRESS,MALACATOS_PIO JARAMILLO,SUR,PIO JARAMILLO Y JUSTINIANO ESTUPIÑAN,0992504314,SIERRA HIDALGO CRISTIAN PATRICIO,SI,11H00,09H00 A 13H00 - 14H30 A 17H00,09H00 A 12H30,cspiojaramillo.malacatos@gmail.com
-1.936615,-80.711768,SUR,SANTA ELENA,MANGLARALTO,CRESS,MANGLARALTO_24 DE MAYO,NORTE,24 DE MAYO S/N Y EL ORO,989360943,OMAR CRISTOBAL MACIAS MAYOR,SI,11H00,09H00 A 13H00 - 14H00 A 17H00,09:00 A 13:00,cs24demayo.manglaralto@gmail.com
-0.977062,-80.698367,SUR,MANABI,MANTA,DIRECTO,MANTA_4 DE NOVIEMBRE,NORTE,AVE 4 DE NOVIEMBRE Y Y DE MANTA,05-3732000 EXT 5307,GONZALEZ PINZON PABLO JAVIER,SI,09h00,08H00 A 18H30,08:30 A 12H30,cs4denoviembre.manta@servientrega.com.ec
-0.9459320,-80.7248920,SUR,MANABI,MANTA,CRESS,MANTA_AVENIDA 7,CENTRO,AVENIDA 7 S/N CALLE 14 REF JUNTO A LA FERRETERIA HERDA,0986441130,GONZALEZ PINZON PABLO JAVIER,NO,NO TIENE,08H00 A 18H30,09H00 A 14H00,veronica.armas@cislatam.com
-0.947478,-80.724106,SUR,MANABI,MANTA,DIRECTO,MANTA_AVENIDA 8,CENTRO,AV. 8AVA. ENTRE CALLE 11 Y 12,05-3732000 EXT 5305,GONZALEZ PINZON PABLO JAVIER,SI,11H00,08H00 A 13H00 - 14H00 A 17H00,08H00 A 12H30,csavenida8.manta@servientrega.com.ec
-0.949718,-80.729077,SUR,MANABI,MANTA,DIRECTO,MANTA_CALLE 13,CENTRO,CALLE 13 AVE 21 Y 22,05-3732000 EXT 5306,GONZALEZ PINZON PABLO JAVIER,SI,11H00,08H00 A 12H00 - 13H00 A 17H00,08H00 A 12H30,cscalle13.manta@servientrega.com.ec
-0.957363,-80.752685,SUR,MANABI,MANTA,CRESS,MANTA_CALLE 54 A,CENTRO,CALLE 54A BARBASQUILLO,0958642945,GONZALEZ PINZON PABLO JAVIER,SI,11H00,09H00 A 17H00,09H00 A 12H30,cscalle54.manta@gmail.com
0.952688,-80.728101,SUR,MANABI,MANTA,CRESS,MANTA_CDLA. LA FLOREANA,NORTE,AV. PRINCIPAL S/N Y CALLE C CDLA. LA FLOREANA REF DIAG AL HOTEL SOL NACIENTE,0997660075,GONZALEZ PINZON PABLO JAVIER,SI,11H00,09H00 A 13H00 - 14H30 A 17H00,09H00 A 12H30,cscdlalaflreana.manta@gmail.com
-0.961364,-80.703262,SUR,MANABI,MANTA,CRESS,MANTA_CLINICA SAN GREGORIO,NORTE,AV MARIA AUXILIADORA Y AV 110A DIAGONAL A LA CLINICA SAN GREGORIO,0987841686,GONZALEZ PINZON PABLO JAVIER,SI,10H30,09H00 A 17H00,09H00 A 13H00,cs.clinicasangregorio.manta@gmail.com
-0.944794,-80.748947,SUR,MANABI,MANTA,CRESS,MANTA_HOST,SUR,CALLEJON 4 S/N Y CALLE C FRENTE A MANTAHOST HOTEL,0998523712,GONZALEZ PINZON PABLO JAVIER,NO,10H00,09H00 A 12H30 - 14H00 A 17H00,09H00 A 12H30,cshost.cuenca@gmail.com
-0.95275,-80.72809,SUR,MANABI,MANTA,CRESS,MANTA_LA DOLOROSA,CENTRO,CALLE 10 Y AV 23,0994912048,GONZALEZ PINZON PABLO JAVIER,SI,10H30,08H30 A 17H00,08H30 A 12H00,csladoloosa.manta@gmail.com
-0.95733,-80.71341,SUR,MANABI,MANTA,CRESS,MANTA_LA POCHITA,CENTRO,AV. 113 S/N Y CALLE 106 FRENTE A RESTAURANTE CHAO LAO,0993101999,GONZALEZ PINZON PABLO JAVIER,SI,10H00,09H00 A 12H30 - 14H30 A 17H00,08H30 A 12H30,cs.lapochita.manta@gmail.com
-0.956271,-80.726796,SUR,MANABI,MANTA,CRESS,MANTA_NUEVO TARQUI,NORTE,AV DE LA CULTURA ENTRE AV 19 LOCAL 12,0982095567,GONZALEZ PINZON PABLO JAVIER,SI,09H30,09H00 A 12H00 - 13H00 A 17H00,09H00 A 12H00,cs.nuevotarqui.manta@gmail.com
-0.9581,-80.810774,SUR,MANABI,MANTA,CRESS,MANTA_SAN MATEO,CENTRO,CALLE SAN PABLO Y AVENIDA CAUSE DEL RIO,0959180880,GONZALEZ PINZON PABLO JAVIER,SI,11H00,08H30 A 17H30,08H30 A 12H30,csmanta.sanmateo@gmail.com
-0.95985,-80.69005,SUR,MANABI,MANTA,CRESS,MANTA_TERMINAL TERRESTRE,NOROESTE,VIA PUERTO-AEROPUERTO DE MANTA,0984700219,GONZALEZ PINZON PABLO JAVIER,SI,10H30,09H00 A 18H00,09H00 A 13H00,servientregaterminalmanta@gmail.com
-0.94735,-80.72583,SUR,MANABI,MANTA,CRESS,MANTA_UNION NACIONAL DE PERIODISTAS,NORTE,CALLE 13 AVE.12,2629011,GONZALEZ PINZON PABLO JAVIER,NO,12H00,09H00 A 17H00,09H00 A 13H00,csuniondeperiodistas.manta@gmail.com
-3.782251,-79.914649,SUR,EL ORO,MARCABELI,CRESS,MARCABELI_CDLA 24 DE JUNIO,NORTE,AV. RICARDO AGUILAR S/N Y CALLE ANGEL RAMIREZ FRENTE AL PARQUE 24 DE JUNIO,0969142561,RAMIREZ GONZALEZ JUAN CARLOS,NO,15H00,08H00 A 13H00 - 14H00 A 18H00,08H00 A 13H00,cscdla24dejunio.marcabeli@gmail.com
-3.782.933,-79.911.014,SUR,EL ORO,MARCABELI,CRESS,MARCABELI_MANUEL U GALLARDO,SUROESTE,MANUEL U. GALLARDO E/ CALLE PINAS Y CANONIGO AGUILAR FTRE AL PARQUE CENTRAL,0990222532,RAMIREZ GONZALEZ JUAN CARLOS,NO,15h00,08H00 A 17H00,08H00 A12H00,csmanuelugallardo.marcabeli@gmail.com
-79.8545,-2.4584,SUR,GUAYAS,MARCELINO MARIDUENA,CONCESION,MARCELINO MARIDUENA_CDLA LOS PARQUES,NORTE,CDLA LOS PARQUE Y CALLE S/N,09555555,LUIS FIERRO FARINO,NO,12H00,08H00 A 12H30 - 14H00 A 18H00,10H00 A 14H00,jose.vera@gmail.com
-2.211956,-79.437554,SUR,GUAYAS,MARCELINO MARIDUENA,CONCESION,MARCELINO MARIDUENA_CDLA. LOS PARQUES,SUR,AV LOS PARQUES Y AV PAPELERA NACIONAL DIAGONAL A PAPELERIA NACIONAL,0980915834,LUIS FIERRO FARINO,SI,10H00,10H00 A 16H00,NO LABORA,cscoronel.marcelino@gmail.com
-1.988559,-79.358382,SUR,LOS RIOS,MATA DE CACAO,CONCESION,MATA DE CACAO_MERCADO MUNICIPAL,CENTRO,AV LOS RIOS Y 24 DE MAYO,0960209590,ESPIN OVIEDO JOSE EUCLIDES,SI,11H00,08H00 A 17H00,08H00 A 12H00,csmercadmunicipa.matadecacao@gmail.com
-2.1268,-79.58443,SUR,GUAYAS,MILAGRO,CRESS,MILAGRO_12 DE NOVIEMBRE,NORTE,CALLE 12 DE NOVIEMBRE Y AV MARISCAL SUCRE,0996223804,LUIS FIERRO FARINO,SI,10H00,08H30 A 17H00,08H30 A 13H00,csav12noviembre.milagro@gmail.com
-2.1278508,-79.5977435,SUR,GUAYAS,MILAGRO,CRESS,MILAGRO_5 DE JUNIO,NORTE,CALLE 5 DE JUNIO S/N ERNESTO SEMINARIO,042974166,LUIS FIERRO FARINO,SI,13H30,09H00 A 12H00 - 13H00 A 17H00,09H00 A 13H00,cs5dejunio.milagro@gmail.com
-2.12909,-79.59639,SUR,GUAYAS,MILAGRO,CRESS,MILAGRO_AV CHIRIJOS,CENTRO,AV CHIRIJOS ENTRE GUAYAS Y SUCUMBIOS,096 718 3184,LUIS FIERRO FARINO,SI,10H00,08H00 A 18H00,08H30 A 14H00,CSAVCHIRIJOS.MILAGRO@GMAIL.COM
-2.124279,-79.588478,SUR,GUAYAS,MILAGRO,CRESS,MILAGRO_AV GUAYAQUIL,NORTE,AV GUAYAQUIL Y MANABI A UNA CUADRA DEL TORO ASADO,0968043760,LUIS FIERRO FARINO,SI,10H00,08H30 A 17H00,08H30 A 13H00,csavguayaquil1.milagro@gmail.com
-2.145457,-79.59986,SUR,GUAYAS,MILAGRO,DIRECTO,MILAGRO_AV. 17 DE SEPTIEMBRE,NORTE,AV 17 DE SEPTIEMBRE Y LEONIDAS PROANO,04-3732000 EXT 4339,LUIS FIERRO FARINO,SI,08H00 COST,08H00 A 18H00,09:00 A 13:00,csav17deseptiembre.milagro@servientrega.com.ec
-2.129127,-79.590608,SUR,GUAYAS,MILAGRO,DIRECTO,MILAGRO_AV. JUAN MONTALVO,CENTRO,AV JUAN MONTALVO 943 Y ELOY ALFARO,04-3732000 EXT 4340,LUIS FIERRO FARINO,SI,12H00,08:30 A 17:30,10:00 a 13:00,csavjuanmontalvo.milagro@servientrega.com.ec
-2.132863,-79.602674,SUR,GUAYAS,MILAGRO,CRESS,MILAGRO_AV. PRINCIPAL DG AL TUTI,SUR,CDLA DAGER CALLE RIO AGUARICO Y RIO CHANCHAN,0981347827,LUIS FIERRO FARINO,SI,13H30,08H30 A 17H00,08H30 A 14H00,csavprincipaltuti.milagro@gmail.com
-2.138933,-79.5872,SUR,GUAYAS,MILAGRO,CRESS,MILAGRO_COLIBRI LA COLON,SUR,ALFREDO PEREZ GUERRERO 64A-0 LATACUNGA,0986112726,LUIS FIERRO FARINO,NO,10H00,08H30 A 17H00,08H30 A 13H00,CSCOLIBRI.MILAGRO@GMAIL.COM
-2.13939,-79.59665,SUR,GUAYAS,MILAGRO,CRESS,MILAGRO_ENRIQUE GALLO,CENTRO,CDLA NUEVO MILAGRO CALLE ENRIQUE GALLO S/N Y COLON 311 FRENTE AL CENTRO DE ATENCION CIUDADANA,0990689686,LUIS FIERRO FARINO,NO,11H00,08H30 A 17H00,08H30 A 13H00,csenriquegallo.milagro@gmail.com
-2.1453053,-79.5998171,SUR,GUAYAS,MILAGRO,CRESS,MILAGRO_JAIME ROLDOS,SUR,AV JAIME ROLDOS AGUILERA Y JOSE MARIA URBINA,0986901021,LUIS FIERRO FARINO,SI,10H00,08H30 A 17H00,08H30 A 13H00,csavjaimeroldos.milagro@gmail.com
-2.118126,-79.573184,SUR,GUAYAS,MILAGRO,CRESS,MILAGRO_LA PRADERA,SUR,CDLA LA PRADERA 1 AV MARISCAL SUCRE Y YASUNI,0979763792,LUIS FIERRO FARINO,SI,10H00,08H30 A 13H00 - 14H00 A 17H30,09H30 A 14H00,csavlapradera.milagro@gmail.com
-2.165017,-79.607773,SUR,GUAYAS,MILAGRO,CRESS,MILAGRO_TERMINAL MILAGRO,SUR,AV CHARLES DARWIN S/N Y CALLE ISABELA FRENTE AL CENTRO COMERCIAL TERMINAL TERRESTRE,0990689686,LUIS FIERRO FARINO,NO,10H00,08H30 A 17H00,08H30 A 13H00,csterminalterrestre.milagro@gmail.com
-2.1343198,-79.5808342,SUR,GUAYAS,MILAGRO,CRESS,MILAGRO_VICENTE ASAN,ESTE,AV DR. MIGUEL CAMPODONICO MARTINEZ S/N Y CALLE FRANCISCO GUADALUPE VALLEJO FRENTE AL HOSPITAL DEL IESS,0962689585,LUIS FIERRO FARINO,SI,10H00,08H30 A 17H00,08H30 A 13H00,csavvicenteasan.milagro@gmail.com
-1.188496,-79.505893,SUR,LOS RIOS,MOCACHE,CONCESION,MOCACHE_CALLE 28 DE MAYO,CENTRO,CALLE 28 DE MAYO ENTRE SEGUNDA Y TERCERA,0958873888,CEDENO MAZAMBA HECTOR JAVIER,SI,11H00,08:00 A 12:00 - 13:00 A 18:00,08:00 A 14:00,cscalle28demayo.mocache@gmail.com
0.506124,-80.022697,NORTE,ESMERALDAS,MOMPICHE,CRESS,MOMPICHE_PRINCIPAL,CENTRO,VIA A MOMPICHE S/N Y CALLE SEGUNDA MZ 238 SOLAR 9,06-2448018 - 0996720354,VELASCO BAILON NANCY ELIZABETH,SI,15H00,08H00 A 12H00 - 13H00 A 18H00,09H00 A 13H00,csprincipal.mompiche@hotmail.com
-1.789905,-79.285225,SUR,LOS RIOS,MONTALVO,CONCESION,MONTALVO_GUILLERMO BAQUERIZO,CENTRO,GUILLERMO BAQUERIZO Y 24 DE MAYO,09-67817314,ESPIN OVIEDO JOSE EUCLIDES,SI,14H00,08:30 A 12:30 - 14:30 A 17:00,10:00 A 13:00,csguillermobaquerizo.montalvo@gmail.com
-1.831263,-80.750313,SUR,SANTA ELENA,MONTANITA,CONCESION,MONTANITA_RUTA DEL SPONDYLUS,NORTE,CARRETERA PRINCIPAL S/N Y COMUNA MONTANITA JUNTO A PANADERIA EL TRIGALS,0959749533,OMAR CRISTOBAL MACIAS MAYOR,SI,11H00,08H00 - 13H0 A 13H30 - 18H00,09H00 A 14H00,csrutadelspondylus.montanita@gmail.com
-1.045839,-80.657784,SUR,MANABI,MONTECRISTI,CRESS,MONTECRISTI_9 DE JULIO,CENTRO,AV METROPOLITANO Y 9 DE JULIO,0999498408,GONZALEZ PINZON PABLO JAVIER,SI,10H30,08H30 A 17H30,08H30 A 13H00,cs9dejulio.montecristi@gmail.com
-0.994492,-80.690837,SUR,MANABI,MONTECRISTI,CRESS,MONTECRISTI_LA PROANOS LA FABRIL,CENTRO,CALLE VICTOR VELIZ Y VIA MANTA - MONTECRISTI FRENTE A LA FABRIL,0983430655,GONZALEZ PINZON PABLO JAVIER,SI,10H00,08H30 A 17H30,08H30 A 12H30,cs.laproano.montecristi@gmail.com
-1.044497,-80.660493,SUR,MANABI,MONTECRISTI,CRESS,MONTECRISTI_METROPOLITANA,SUR,QUITO S/N Y AV. METROPOLITANA - JUNTO AL COLEGIO JOHN PIERRE,993101999-052-678332,GONZALEZ PINZON PABLO JAVIER,SI,-,09H00 A 16H30,09H00 A 12H30,csmetropolitana.montecristi@gmail.com
-1.174916,-79.223533,SUR,COTOPAXI,MORASPUNGO,CRESS,MORASPUNGO_SIMON BOLIVAR,CENTRO,AV. MONSEÑOR LEONIDAS PROAÑO S/N Y CALLE SIMON BOLIVAR FRENTE AL PARQUE CENTRAL DE MORASPUNGO,0968532545,CEDENO MAZAMBA HECTOR JAVIER,SI,13H00,08H30 A 12H00 - 13H30 A 16H30,09H00 A 14H00,cssimonbolivar.moraspungo@gmail.com
-2.228663,-80.9305010,SUR,SANTA ELENA,MUEY,CRESS,MUEY_JOSE LUIS TAMAYO,SUROESTE,BARRIO CENTENARIO AV 9 CALLE 15-16,0963367388,OMAR CRISTOBAL MACIAS MAYOR,SI,11H00,07H00 A 13H00 - 14H00 A 19H00,07H00 A 13H00 - 14H00 A 17H00,CSJOSELUISTAMAYO.MUEY@GMAIL.COM
0.876205,-80.3967,NORTE,ESMERALDAS,MUISNE,CRESS,MUISNE_CENTRO,CENTRO,MANABI SOLAR 7 ENTRE VARGAS TORRES Y MALECON,0939939767,VELASCO BAILON NANCY ELIZABETH,SI,14H00,08H00 A 13H00 - 14H00 A 17H30,09H00 A 13H00,cscentro.muisne@hotmail.com
0.4939297,-79.9728426,NORTE,ESMERALDAS,MUISNE,CRESS,MUISNE_TRES VIAS,CENTRO,RECINTO TRES VIAS - VIA PRINCIPAL SOLAR 19 Y VIA A LA CORRENTADA MZ 454,0961798884,VELASCO BAILON NANCY ELIZABETH,SI,14H00,08H00 A 13H00 - 14H00 A 18H00,08H00 A 15H00,cstresvias.muisne@hotmail.com
0.0619762,-78.6815982,NORTE,PICHINCHA,NANEGALITO,CONCESION,NANEGALITO_PRINCIPAL,CENTRO,AV. QUITO S/N Y GUAYAQUIL,0986781942,MARIA SOLEDAD OVIEDO CARGUACUNDO,SI,14H00,09H00 A 13H00 - 14H00 A 17H30,NO LABORA,csprincipal.nanegalito@hotmail.com
-2.672299,-79.618692,SUR,GUAYAS,NARANJAL,CONCESION,NARANJAL_CENTRO AV. OLMEDO,CENTRO,AV OLMEDO E INDEPENDENCIA,0969308817,LUIS FIERRO FARINO,SI,13H00,08:30 a 18:00,08:30 a 14:00,csavolmedo.naranjal@gmail.com
-2.160931,-79.445788,SUR,GUAYAS,NARANJITO,CONCESION,NARANJITO_GENERAL CORDOVA,CENTRO,5 DE OCTUBRE 1418 Y GENERAL CORDOVA,04-2721241/0980188293,LUIS FIERRO FARINO,SI,14H00,08:30 A 12:00 - 13:15 A 17:00,09:00 - 12:00 Y 13:15 - 15:30,csgeneralcordova.naranjito@gmail.com
-1.914661,-80.011343,SUR,GUAYAS,NOBOL,CRESS,NOBOL_RENAN OLMEDO,CENTRO,CALLE RENAN OLMEDO Y AV RIO AMAZONAS MZ 40 SL 543 JUNTO AL MERCADO MUNICIPAL,0981042402,CABRERA MACIAS JOSE LUIS,SI,14H00,09H00 - 12H00 A 13H00 - 17H00,09H00 - 13H00,csrenanolmedo.nobol@gmail.com
-1.3950587,-80.2097775,SUR,MANABI,OLMEDO (MANABI),CONCESION,OLMEDO (MANABI)_EL PARQUE,CENTRO,AV MANABI Y 27 DE SEPTIEMBRE DIAGONAL AL PARQUE CENTRAL DE OLMEDO,0981198925,TANIA YESENIA GARCIA LUNA,SI,10H00,09H00 A 16H30,09H30 A 13H00,cselparque.olmedo@gmail.com
-3.469238,-79.1568063,SUR,AZUAY,ONA,CONCESION,ONA_24 DE MAYO,CENTRO,24 DE MAYO Y CALLE A FRENTE AL MERCADO MUNICIPAL,0995384556,ROSA HERMELINDA QUITO SINCHI,SI,N/A,08H00 A 19H00,08H00 A 14H00,cs24demayo.ona@gmail.com
0.2415911,-78.2539277,NORTE,IMBABURA,OTAVALO,DIRECTO,OTAVALO_JORDAN,NORTE,PANAMERICA NORTE SN Y DESVIO A SELVA ALEGRE,3732000 ext 6320,ANDRADE GUERRERO JAIME ERNESTO,SI,10H00,09H00 A 13H00 - 14H00 A 18H00,09H00 A 13H00,csjordan.otavalo@servientrega.com.ec
0.2277449,-78.2611304,NORTE,IMBABURA,OTAVALO,DIRECTO,OTAVALO_PRINCIPAL,CENTRO,MORALES S/N Y ROCA,06-3732000 EXT 6314-6412,ANDRADE GUERRERO JAIME ERNESTO,SI,11H30,08:00 a 13:00 y 14:30 a 18:00,08:00 a 12:00,csprincipal.otavalo@servientrega.com.ec
-0.040918,-76.588203,NORTE,SUCUMBIOS,PACAYACU,CONCESION,PACAYACU_PRINCIPAL,CENTRO,VIA PRINCIPAL S/N Y BARRIO CENTRAL,0986339723,MANYA CUJI MARCO ANTONIO,SI,14H00,09H00 A 18H00,09H00 A 14H00,csprincipal.pacayacu@hotmail.com
-3.5887,-79.6652,SUR,EL ORO,PACCHA,CONCESION,PACCHA_CALLE 10 DE AGOSTO,CENTRO,CALLE 10 DE AGOSTO S/N Y CALLE SECUNDARIA,0969058984,RAMIREZ GONZALEZ JUAN CARLOS,SI,12H00,09H00 A 17H00,09H00 A 13H00,csav10deagosto.paccha@gmail.com
-1.55524,-80.429865,SUR,MANABI,PAJAN,CONCESION,PAJAN_9 DE OCTUBRE,CENTRO,AV 9 DE OCTUBRE S/N Y AV GUAYAQUIL DIG BAECUADOR,093 947 0962,TANIA YESENIA GARCIA LUNA,SI,11H00,09H00 A 13H00 - 14H00 A 16H30,09H00 A 12H00,csav9deoctubre.pajan@gmail.com
-4.6498,-79.1321,SUR,ZAMORA,PALANDA,CRESS,PALANDA_13 DE ABRIL,SUR,13 DE ABRIL SN Y ALONSO DE MERCADILLO DIAGONAL A BAN ECUADOR,0960720753,SIERRA HIDALGO CRISTIAN PATRICIO,SI,10H00,09H00 A 17H00,09H00 A 13H00,cs.13deabril.palanda@gmail.com
-1.437480,-79.756912,SUR,LOS RIOS,PALENQUE,CRESS,PALENQUE_JUAN CARLOS,CENTRO,AV JUAN CARLOS ASPIAZU ENTRE BALZAR Y 14 DE JUNIO A LADO DE LA PILADORA JULIO CESAR,0 93 916 7301,ESPIN OVIEDO JOSE EUCLIDES,SI,13H30,08H00 A 12H00 - 14H00 A 16H30,N/A,csjuan.palenque@gmail.com
-2.243107,-79.926145,SUR,GUAYAS,PALESTINA,CRESS,PALESTINA_FAUSTO ESPINOZA,CENTRO,FAUSTO ESPINOZA PINTO Y LUIS MORA,04-2791551,BETANCOURT HOYOS ISABEL CRISTINA,SI,8:00a17:00,08:00 a 17:00,09:00 a 12:00,csfaustoespinoza.palestina@gmail.com
-1.995609,-78.964271,NORTE,CHIMBORAZO,PALLATANGA,CONCESION,PALLATANGA_PRINCIPAL,CENTRO,AV. JOSE VELASCO IBARRA,0994458269,CHRISTIAN EDUARDO BARONA RAMIREZ,SI,10H00,08H00 A 12H00 - 14H00 A 18H00,NO LABORA,servientrega.pallatanga@hotmail.com
-4.048689,-79.649609,SUR,LOJA,PALTAS,CRESS,PALTAS_DOMINGO CELI,SUR,DOMINGO CELI S/N Y ADRIANO VALAREZO,099 799 1242,SIERRA HIDALGO CRISTIAN PATRICIO,SI,12H00,09H00 A 12H00 - 14H00 A 17H00,09H00 A 12H00,csdomingoceli.paltas@gmail.com
-3.5559,-78.4032,SUR,ZAMORA,PAQUIZHA,CRESS,PAQUIZHA_MARTHA BUCARAM,SUR,MARTHA BUCARAM DE ROLDOS Y PIO JARAMILLO ALVARADO,0982674630,SIERRA HIDALGO CRISTIAN PATRICIO,SI,15H00,09H00 A 13H00 - 15H00 A 17H00,09H00 A 13H00,csmarthabucaram.paquisha@gmail.com
-3.325259,-79.809617,SUR,EL ORO,PASAJE,CONCESION,PASAJE_4 DE AGOSTO,CENTRO,4 DE AGOSTO E/OCHO LEON Y MUNICIPALIDAD,07-2918446,RAMIREZ GONZALEZ JUAN CARLOS,SI,12H00,08H30 A 17H30,09:00 a 13:00,cs4deagosto.pasaje@gmail.com
-3.327317,-79.806168,SUR,EL ORO,PASAJE,CRESS,PASAJE_AV. MACHALA Y AZUAY,CENTRO,AV. MACHALA S/N Y AZUAY REF FRENTE A CQ15,0995731985,RAMIREZ GONZALEZ JUAN CARLOS,SI,11H00,08H00 A 13H00 - 14H00 A 17H00,09H00 A 13H00,cavmachalayazuay.pasaje@gmail.com
-1.311100,-78.507916,NORTE,TUNGURAHUA,PATATE,CONCESION,PATATE_PRINCIPAL,CENTRO,JUAN MONTALVO S/N Y PABLO DAVILA,0999256112,TREJO BATIOJA ELIANA KATHERINE,SI,11H00,09H00 A 17H30,09H00 A 13H00,csprincipal.patate@hotmail.com
-0.5717952,-79.3701158,NORTE,LOS RIOS,PATRICIA PILAR,CRESS,PATRICIA PILAR_PRINCIPAL,CENTRO,AV 20 DE SEPTIEMBRE SN Y CALLE 3,990382023,PANCHI VALENCIA MARTHA CECILIA,SI,14H00,08H00 A 14H00 Y 15H00 A 18H00,09H00 A 13H00,servientrega.patriciapilar@hotmail.com
-2.77825,-78.761856,SUR,AZUAY,PAUTE,CONCESION,PAUTE_DANIEL PARRA,NORTE,JOSE MIGUEL BARZALLO Y RODRIGUEZ PARRA,07-2250894,ROSA HERMELINDA QUITO SINCHI,SI,14H00,08:00 a 18:00,08:00 a 18:00,csdanielparra.paute@gmail.com
0.0710012,-80.052509,NORTE,MANABI,PEDERNALES,CONCESION,PEDERNALES_PRINCIPAL,NORTE,GARCIA MORENO S/N Y MARIA AUXILIADORA,0979766896 - 0990616587,PANCHI VALENCIA MARTHA CECILIA,SI,14H00,08H00 A 13H00 - 14H00 A 17H00,08H00 A 13H00,servientrega.pedernales@hotmail.com
-1.816462,-80.237103,SUR,GUAYAS,PEDRO CARBO,CONCESION,PEDRO CARBO_AV. BOLIVIA,CENTRO,BOLIVIA Y SALINAS - FRENTE A LA CANCHA SAN RAMOS,0968532767,CABRERA MACIAS JOSE LUIS,SI,14H00,09:00 a 16:00,09:00 a 14:00,csavbolivia.pedrocarbo@gmail.com
0.088929,-79.055276,NORTE,PICHINCHA,PEDRO VICENTE MALDONADO,CONCESION,PEDRO VICENTE MALDONADO_CENTRO,CENTRO,AV. 29 DE JUNIO S/N Y LUCHA DE LOS POBRES,0983949167,MARIA SOLEDAD OVIEDO CARGUACUNDO,SI,09H00,08H30 A 13H00- 14H00 A 18H30,08H00 A 13H00,servientregapvm@gmail.com
-1.3303329,-78.5442551,NORTE,TUNGURAHUA,PELILEO,DIRECTO,PELILEO_PRINCIPAL,CENTRO,AV. 22 DE JULIO 5-26 Y PADRE JOSE CHACON,03-3732000 EXT 3312,TREJO BATIOJA ELIANA KATHERINE,SI,11H00,08H00 A 16H30,09H00 A 13H00,csprincipal.pelileo@servientrega.com.ec
-1.048842,-79.817390,SUR,MANABI,PICHINCHA,CRESS,PICHINCHA_SECTOR LA CADENA,CENTRO,SECTOR LA CADENA VIA MANTA QUEVEDO,0963173230,CEDENO MAZAMBA HECTOR JAVIER,SI,14H30,08H30 A 16H00,08H30 A 12H00,CSLACADENA.PICHINCHA@GMAIL.COM
-1.173079,-78.543867,NORTE,TUNGURAHUA,PILLARO,CONCESION,PILLARO_PRINCIPAL,CENTRO,BARRIO CENTRAL / URBINA S/N ENTRE BOLIVAR Y GARCIA MORENO,0994458519,TREJO BATIOJA ELIANA KATHERINE,SI,10H30,09H00 A 13H00 - 15H00 A 18H30,09H00 A 12H30,csprincipal.pillaro@hotmail.com
0.389288,-77.939408,NORTE,IMBABURA,PIMAMPIRO,CRESS,PIMAMPIRO_PRINCIPAL,CENTRO,BOLIVAR S/N Y VELASCO,0989139820,ANDRADE GUERRERO JAIME ERNESTO,SI,14h00,08H00 A 13H00 - 14H00 A 18H00,08H00 A 12H00,cspimampiro.principal@hotmail.com
-3.6813573,-79.6791091,SUR,EL ORO,PINAS,CONCESION,PINAS_AV SUCRE Y 10 DE AGOSTO,CENTRO,SUCRE E/10 DE AGOSTO Y BERNANRDO AGUILAR REF A 500 METROS DE LA PISCINA MUNICIPAL,072977146,RAMIREZ GONZALEZ JUAN CARLOS,SI,11H30,09H00 A 12H00 - 14H00 A 18H00,09H00 A 13H00,csavsucrey10deagosto.pinas@gmail.com
-4.1157269478,-80.1061019897,SUR,LOJA,PINDAL,CRESS,PINDAL_AV CELICA,SUR,AV. CELICA Y ALAMOR,0992221470,SIERRA HIDALGO CRISTIAN PATRICIO,SI,11H00,08H00 A 12H00 - 13H00 A 17H00,08H00 A 12H00,csavcelica.pindal@gmail.com
-2.632728,-80.385931,SUR,GUAYAS,PLAYAS,CRESS,PLAYAS_AV PAQUISHA,CENTRO,AV PAQUISHA Y VICTOR ORRALA FRENTE A COMERCIAL GENESIS,0994738572,LOPEZ FUENTES BRYAN PAUL,SI,14H00,09H00 A 17H00,09H00 A 13H00,CSAVPAQUISHA.PLAYAS@GMAIL.COM
-2.634379,-80.386631,SUR,GUAYAS,PLAYAS,CONCESION,PLAYAS_AV. 15 DE AGOSTO,CENTRO,OFICINA PRINCIPAL AV. 15 DE AGOSTO 532 FRENTE A TIA,0994738572,LOPEZ FUENTES BRYAN PAUL,SI,14H00,08H00 A 19H00,08H00 A 19H00,csav15agosto.playas@gmail.com
-3.060803,-79.74556,SUR,AZUAY,PONCE ENRIQUEZ,CONCESION,PONCE ENRIQUEZ_BARRIO LA FLORIDA,CENTRO,CALLE ELOY BARROS ARIAS S/N Y 28 DE MARZO BARRIO LA FLORIDA REF DIAG A FARMACIA CRUZ AZUL DEL PARQUE CENTRAL,0958881634 - 0958745778,RAMIREZ GONZALEZ JUAN CARLOS,SI,11H30,08H30 A 12H30 - 13H00 A 17H30,09H00 A 15H00,csbarriolaflorida.ponceenrique@gmail.com
-2.183340,-79.852982,SUR,EL ORO,PORTOVELO,CONCESION,PORTOVELO_URB. EL ORO 1,NORTE,PORTOVELO URB ELORO 1,0968524682,RAMIREZ GONZALEZ JUAN CARLOS,SI,13H30,08H30 A 12H30 - 13H30 A 18H00,010H00 A 14H00,CSURBELORO1.PORTOVELO@GMAIL.COM
-1.036443,-80.492536,SUR,MANABI,PORTOVIEJO,CRESS,PORTOVIEJO_10 DE AGOSTO,CENTRO,10 DE AGOSTO S/N Y ELOY ALFARO JUNTO A COOP. COMERCIO PICOAZA,0963031749,TANIA YESENIA GARCIA LUNA,SI,12H00,09H00 A 12H00 - 13H00 A 17H00,09H00 A 12H00,cs10deagosto.portoviejo@gmail.com
-1.058018,-80.472389,SUR,MANABI,PORTOVIEJO,CRESS,PORTOVIEJO_AV BOLIVARIANA,SUR,AV BOLIVARIANA Y WASHINGTON JUNTO A LOCAL MAGIA PUBLICIDAD,0963393420,TANIA YESENIA GARCIA LUNA,SI,09H30,08H30 A 12H30 - 13H30 A 17H30,08H30 A 12H30,csbolivariana.portoviejo@gmail.com
-1.05223,-80.45792,SUR,MANABI,PORTOVIEJO,DIRECTO,PORTOVIEJO_AV. AMERICA,CENTRO,AV. AMERICA 118 ENTRE REALES TAMARINDOS,05-3732000 EXT 5308,TANIA YESENIA GARCIA LUNA,SI,09H00,08:00 A 18:00,08:00 A 12:00,csavamerica.portoviejo@servientrega.com.ec
-1.04008,-80.47211,SUR,MANABI,PORTOVIEJO,DIRECTO,PORTOVIEJO_EUDORO LOOR,NORTE,AV REALES TAMARINDOS Y EUDORO LOOR,05-3732000 EXT 5310,TANIA YESENIA GARCIA LUNA,SI,09H00,08:00 A 12:00 - 14:00 A 18:00,08:00 A 12:00 - 14:00 A 18:00,cseudoroloor.portoviejo@servientrega.com.ec
-1.071535,-80.489067,SUR,MANABI,PORTOVIEJO,DIRECTO,PORTOVIEJO_KM. 1.5 VIA MANTA,NORTE,KM 1.5 VIA A MANTA,05-3732000 EXT 5309,TANIA YESENIA GARCIA LUNA,SI,09H00,08:00 A 18:00,08:00 a 12:00,cskm1.5viamanta.portoviejo@servientrega.com.ec
-1.01718,-80.46589,SUR,MANABI,PORTOVIEJO,CRESS,PORTOVIEJO_MONUMENTO AGRICOLA,NORTE,BY PASS CALLE FEDERICO BRAVO MONUMENTO AL CHOCLO,0982093520,TANIA YESENIA GARCIA LUNA,SI,10H00,09H00 A 18H00,09H00 A 13H00,Csmonumentoagricola.portoviejo@gmail.com
-1.053985,-80.452651,SUR,MANABI,PORTOVIEJO,DIRECTO,PORTOVIEJO_MORALES,CENTRO,9 DE OCTUBRE E./ MORALES Y OLMEDO,05-3732000 EXT 5312,TANIA YESENIA GARCIA LUNA,SI,10H00,08:00 A 12:00 - 13:30 A 17:30,NO LABORA,csmorales.portoviejo@servientrega.com.ec
-1.05394,-80.461084,SUR,MANABI,PORTOVIEJO,CRESS,PORTOVIEJO_ROLDOS,CENTRO,GARCIA MORENO Y JAIME ROLDOS,05-2635030 - 0959838795,TANIA YESENIA GARCIA LUNA,SI,10H00,08:00 A 12:00 - 13:00 A 17:30,08:00 a 12:00,csroldos.portoviejo@gmail.com
-1.061879,-80.458095,SUR,MANABI,PORTOVIEJO,CRESS,PORTOVIEJO_TERMINAL,CENTRO,AV DEL EJERCITO Y PEDRO GUAL,0939237884,TANIA YESENIA GARCIA LUNA,SI,09H30,08H00 A 18H30,08H00 A 18H30,csterminal.portoviejo@gmail.com
-2.706344,-80.247043,SUR,GUAYAS,POSORJA,CONCESION,POSORJA_JUAN COLON,NORTE,JUAN COLAN Y 20 DE JUNIO - DIAGONAL A LA CANCHA DE FUTBOL,0968700476,LOPEZ FUENTES BRYAN PAUL,SI,16H00,08H30 A 19H00,10:00 A 18:00,cs1juancolan.posorja@gmail.com
-2.406492,-80.366287,SUR,GUAYAS,PROGRESO,CRESS,PROGRESO_JUAN GOMEZ RENDON,CENTRO,AV PRINCIPAL S/N VIA A SALINAS FTE CTE CASA BLANCA,042064098,LOPEZ FUENTES BRYAN PAUL,SI,11H00,08H00 A 13H00 - 14H00 A 18H00,08H00 A 13H00,csjuangomezrendon.progreso@gmail.com
-1.550882,-79.532738,SUR,LOS RIOS,PUEBLO VIEJO,CONCESION,PUEBLO VIEJO_CALLE 10 DE AGOSTO,CENTRO,CALLE 10 DE AGOSTO Y JUSTINO CORNEJO,0979719168-0990058299,CEDENO MAZAMBA HECTOR JAVIER,SI,11H00,08H00 A 12H30 - 13H30 A 16H00,08H00 A 13H00,cs10deagosto.puebloviejo@gmail.com
-3.265169,-79.999875,SUR,EL ORO,PUERTO BOLIVAR,CONCESION,PUERTO BOLIVAR_GONZALO CORDOVA,NORTE,GONZALO CORDOVA E./ 1ERA Y SEGUNDA NORTE,0992732196,RAMIREZ GONZALEZ JUAN CARLOS,SI,11H00,09:00 A 14:00 - 15:00 A 18:00,09:00 a 13:00,csgonzalocordova.puertobolivar@gmail.com
-1.553836,-80.804568,SUR,MANABI,PUERTO LOPEZ,CONCESION,PUERTO LOPEZ_GENERAL CORDOVA,CENTRO,GENERAL CORDOVA Y AV MACHALILLA,095 882 8051,TANIA YESENIA GARCIA LUNA,SI,14H00,09H00 A 13H00 - 14H30 A 17H00,09H00 A 12H00,csgeneralcordova.puertolopez@gmail.com
0.120815,-79.255554,NORTE,PICHINCHA,PUERTO QUITO,CONCESION,PUERTO QUITO_CENTRO,CENTRO,AV. DE LOS CARAS S/N Y JUAN MONTALVO,0997541347,MARIA SOLEDAD OVIEDO CARGUACUNDO,SI,11h00,08H30 A 12H00 - 13H00 A 18H00,08H30 A 13H00,cspuertoquito@hotmail.com
-0.953339,-78.696284,NORTE,COTOPAXI,PUJILI,CONCESION,PUJILI_CENTRAL,NORTE,SUCRE Y TEOFILO SEGOVIA,0996862213,HURTADO LEMA SEGUNDO BYRON,SI,11H00,09H00 A 18H00,09H00 A 13H00,servientrega.pujili@hotmail.com
0,0,NORTE,PASTAZA,PUYO,CRESS,PUYO_CENTRO,CENTRO,GENERAL VILLAMIL S/N Y LUCINDO ORTEGA,0,TREJO BATIOJA ELIANA KATHERINE,SI,12H00,08H00 A 13H00 - 14H00 A 17H00,08H00 A 13H00,cscentro.puyo@hotmail.com
-1.4835477,-78.0034475,NORTE,PASTAZA,PUYO,CRESS,PUYO_CENTRO LOGISTICO,NORTE,CALLE S/N Y LOS RIOS,03-3732000 EXT 3416,TREJO BATIOJA ELIANA KATHERINE,SI,14h00,08H00 A 12H00 - 13H00 A 17H00,09H00 A 13H00,cscentrologistico.puyo@servientrega.com.ec
0,0,NORTE,PASTAZA,PUYO,CONCESION,PUYO_CIL,SUR,KM TRES Y VIA AL PUYO SECTOR LAS AMERICAS,0,TREJO BATIOJA ELIANA KATHERINE,NO,12H00,08H00 A 12H30 - 13H30 A 18H00,08H00 A 13H00,cscil.puyo@hotmail.com
-1.489415,-78.000222,NORTE,PASTAZA,PUYO,DIRECTO,PUYO_PRINCIPAL,CENTRO,LUCINDO ORTEGA S/N Y GENERAL VILLAMIL,03-3732000 EXT 3313,TREJO BATIOJA ELIANA KATHERINE,NO,-,-,NO LABORA,csprincipal.puyo@servientrega.com.ec
-1.3794366,-78.6081238,NORTE,TUNGURAHUA,QUERO,CONCESION,QUERO_PRINCIPAL,CENTRO,DARQUEA S/N Y GARCIA MORENO,0939888038,TREJO BATIOJA ELIANA KATHERINE,SI,12H00,09H00 A 13H00 - 14H00 A 18H00,08H00 A 13H00,csprincipal.quero@hotmail.com
-1.013465,-79.466792,SUR,LOS RIOS,QUEVEDO,CRESS,QUEVEDO_AV QUITO,CENTRO,AV QUITO Y CALLE C FRENTE A LA CASA JUDICIAL,0997737412,CEDENO MAZAMBA HECTOR JAVIER,SI,10H30,08H30 A 12H00 - 13H30 A 17H00,08H30 A 13H00,csavquito.quevedo@gmail.com
-1.027102,-79.448337,SUR,LOS RIOS,QUEVEDO,DIRECTO,QUEVEDO_CL KM 1 VIA SAN CARLOS,NORTE,KM 1 VIA SAN CARLOS SAN CAMILO NORTE,05-3732000,CEDENO MAZAMBA HECTOR JAVIER,SI,09H00,08H00 A 12H30 - 14H00 A 18H00,08H00 A 12H30,cskm1sancarlos.quevedo@servientrega.com.ec
-1.043445,-79.482359,SUR,LOS RIOS,QUEVEDO,CRESS,QUEVEDO_EL GUAYACAN II,SUR,CDLA. GUAYACAN II SOLAR 22 DIAGONAL A FARMACIA SANA SANA,0980053453,CEDENO MAZAMBA HECTOR JAVIER,SI,12H00,08H30 A 12H00 - 13H30 A 17H00,09H00 A 16H00,cselguayacan2.quevedo@gmail.com
-1.02829,-79.468325,SUR,LOS RIOS,QUEVEDO,DIRECTO,QUEVEDO_JUNE GUZMAN,CENTRO,DECIMA 1ERA 411 Y 7 DE OCTUBRE JUNE GUZMAN,05-3732000 EXT 5311,CEDENO MAZAMBA HECTOR JAVIER,SI,09H00,08H00 A 18H00,08:00 A 12:30,csjuneguzman.quevedo@servientrega.com.ec
-1.012508,-79.446181,SUR,LOS RIOS,QUEVEDO,CRESS,QUEVEDO_KM 2 VIA VALENCIA,SUR,SAN CRISTOBAL KM 2 VIA VALENCIA ENTRADA A CAÑALITO,099041992,CEDENO MAZAMBA HECTOR JAVIER,SI,10H00,08H30 A 17H00,08H30 A 14H00,cskm2viavalencia.quevedo@gmail.com
-1.043789863586,-79.47421264648,SUR,LOS RIOS,QUEVEDO,CRESS,QUEVEDO_PARROQUIA 7 DE OCTUBRE,CENTRO,PARROQUIA 7 DE OCTUBRE CALLE SEXTA ENTRE E Y F REFERENCIA DIAGONAL AL MERCADO DE LA CANCHA,0959538877Â,CEDENO MAZAMBA HECTOR JAVIER,SI,10H00,09H00 A 17H00,08H00 A 12H00,csparroquia7deoctubre.quevedo@gmail.com
-1.11602,-79.435756,SUR,LOS RIOS,QUEVEDO,CRESS,QUEVEDO_QUEVEDO_SAN CARLOS CLL ESTENIO,CENTRO SUR,CALLE ESTENIO BURGOS Y 2 DE JULIO # 409 - JUNTO A AGRIPAC,05-2903394 / 0981256927,CEDENO MAZAMBA HECTOR JAVIER,SI,11H00,08H00 A 12H30 - 13H30 A 16H30,08H00 A 14H00,cssancarlosestenio.quevedo@gmail.com
-1.018186,-79.470786,SUR,LOS RIOS,QUEVEDO,CRESS,QUEVEDO_TERMINAL TERRESTRE,NORTE,AV. SAN RAFAEL S/N Y CALLEJON 43 A LADO DEL HOSPITAL GENERAL QUEVEDO IEES,0959217560,CEDENO MAZAMBA HECTOR JAVIER,SI,13H00,08H30 A 12H30 - 13H30 A 17H00,08H30 A 12H30,csterminalterrestre.quevedo@gmail.com
-1.036277,-79.471278,SUR,LOS RIOS,QUEVEDO,CRESS,QUEVEDO_VIVA ALFARO,SUR,CALLE VIGESIMA SEPTIMA S/N Y CALLEJON S2 FRENTE A HOTEL LOS HELECHOS,0989677391,CEDENO MAZAMBA HECTOR JAVIER,NO,09H30,09H00 A 12H00 - 13H30 A 17H00,09H00 A 14H00,csvivaalfaro.quevedo@gmail.com
0.3332383,-79.4720598,NORTE,ESMERALDAS,QUININDE,CONCESION,QUININDE_PRINCIPAL,CENTRO,AV. 6 DE DICIEMBRE S/N Y GUSTAVO BECERRA,0963187230,PANCHI VALENCIA MARTHA CECILIA,SI,09H00,09H00 A 18H00,09H00 A 13H00,servientrega-quininde@hotmail.com
-1.205533,-79.313611,SUR,LOS RIOS,QUINSALOMA,CONCESION,QUINSALOMA_SIMON BOLIVAR,CENTRO,CALLE 3 DE MAYO S/N Y SIMON BOLIVAR,0984262983,CEDENO MAZAMBA HECTOR JAVIER,SI,11H00,08H30 A 12H00 - 13H30 A 17H00,09H00 A 14H00,csavsimonbolivar.quinsaloma@gmail.com
-1.2382615,-78.6817737,NORTE,TUNGURAHUA,QUISAPINCHA,CONCESION,QUISAPINCHA_PRINCIPAL,CENTRO,GONZALEZ SUAREZ S/N Y ALONSO PALACIOS,0983591021,TREJO BATIOJA ELIANA KATHERINE,SI,11H00,09H00 A 12H00 - 14H00 A 18H00,09H00 A 12H00,csprincipal.quisapincha@hotmail.com
-0.193311,-78.492734,NORTE,PICHINCHA,QUITO,DIRECTO,QUITO_ACUNA,NORTE,AV ACUA E INGLATERRA,02-3732000 EXT 2308,PABLO ARTURO AILLON CERVANTE,SI,14H00,08H00 A 13H00 Y 14H00 A 18H00,NO LABORA,csacuna.quito@servientrega.com.ec
-0.1148019,-78.4864635,NORTE,PICHINCHA,QUITO,DIRECTO,QUITO_AGUA CLARA,NORTE,EUCALIPTOS OE3-354 Y OE3K,02 3732000 EXT 2358,PABLO ARTURO AILLON CERVANTE,SI,11h00,08H30 A 13H00 Y 14H00 A 18H00,09H00 A 13H00,csaguaclara.quito@servientrega.com.ec
-0.2999291,-78.4473841,NORTE,PICHINCHA,QUITO,DIRECTO,QUITO_ALANGASI,SUR,NOVENA TRANSVERSAL S/N Y PASAJE CALDERON,02-3732000 EXT 2351,PABLO ARTURO AILLON CERVANTE,SI,12h00,08H00 A 13H30 Y 14H30 A 18H00,09H00 A 13H00,csalangasi.quito@servientrega.com.ec
-0.194673,-78.4838093,NORTE,PICHINCHA,QUITO,CRESS,QUITO_ALPALLANA,NORTE,ALPALLANA 228 Y DIEGO DE ALMAGRO,02-2904538/ 0992964799,MARIA SOLEDAD OVIEDO CARGUACUNDO,NO,-,09H00 A 18H00,NO LABORA,oficenter2025@gmail.com
-0.3776057,-78.5031597,NORTE,PICHINCHA,QUITO,CRESS,QUITO_AMAGUANA,SUR,GONZALEZ SUAREZ S/N Y AUTOPISTA E35,0995092285-0983852853,MARIA SOLEDAD OVIEDO CARGUACUNDO,SI,14H00,08H30 A 17H30,09H00 A 14H00,servientrega.quito78@hotmail.com
-0.1701286,-78.4845066,NORTE,PICHINCHA,QUITO,DIRECTO,QUITO_AMAZONAS,NORTE,AV.AMAZONAS N39-164 Y VICENTE CARDENAS,02-3732000 EXT 2310,PABLO ARTURO AILLON CERVANTE,SI,12H00,08H30 A 19H00,09H00 A 13H00,csamazonas.quito@servientrega.com.ec
-0.148784,-78.489597,NORTE,PICHINCHA,QUITO,DIRECTO,QUITO_ANTIGUO AEROPUERTO,NORTE,AV. AMAZONAS N49-59 Y RIO CURARAY,02-3732000 EXT 2303,PABLO ARTURO AILLON CERVANTE,SI,12:00,08H30 A 13H00 Y 14H00 A18H30,NO LABORA,csantiguoaeropuerto.quito@servientrega.com.ec
-0.262976,-78.4862458,NORTE,PICHINCHA,QUITO,CRESS,QUITO_ARMENIA,SUR,NELA MARTINEZ OE7-156 Y ANTONIO CASTELO (PUENTE 3),0984834034/ 0999858698,MARIA SOLEDAD OVIEDO CARGUACUNDO,SI,14H00,Lunes a Viernes 09h00 a 18h00,09h00 a 12h00,quito.armenias@gmail.com
-0.2061394,-78.502346,NORTE,PICHINCHA,QUITO,CRESS,QUITO_ASUNCION,CENTRO,ASUNCION OE3-51,0987407871,MARIA SOLEDAD OVIEDO CARGUACUNDO,SI,14HOO,09H00 A 13H00 - 14H00 A 18H00,09H00 A 13H00,cs136.quito@hotmail.com
-0.2492412,-78.5297419,NORTE,PICHINCHA,QUITO,CRESS,QUITO_ATAHUALPA,SUR,AV. ALONSO DE ANGULO OE2-893 Y GALO MOLINA,0995277261,MARIA SOLEDAD OVIEDO CARGUACUNDO,SI,14H00,09H30 A 13H00 Y 14H00 A 18H30,NO LABORA,cs117.quito@hotmail.com
-0.234169,-78.484597,NORTE,PICHINCHA,QUITO,CRESS,QUITO_AV RUMINAHUI PUENTE 1,NORESTE,AV. GENERAL RUMIÑAHUI S3-72 Y CALLE S3 (ANTIGUO PEAJE),0998605125,PABLO ARTURO AILLON CERVANTE,SI,14H00,09H00 A 13H00 - 14H00 A 18H00,09H00 A 13H00,csavruminahuipuente1.quito@hotmail.com
-0.2597788,-78.5396137,NORTE,PICHINCHA,QUITO,CRESS,QUITO_AV. AJAVI,SUR,AJAVI OE5-360 Y PAQUISHA,0958759088,MARIA SOLEDAD OVIEDO CARGUACUNDO,SI,14H00,09H00 A 18H00,09H00 A 13H00,csavajavi.quito@hotmail.com
-0.151116,-78.492631,NORTE,PICHINCHA,QUITO,CRESS,QUITO_AV. BRASIL,NORTE,AV. BRASIL N48-50 Y JALIL,0983228992,MARIA SOLEDAD OVIEDO CARGUACUNDO,SI,12h00,09H30 A 13H00 - 14H00 A 18H00,10H00 A 12H30,CS99.QUITO@HOTMAIL.COM
-0.1231224,-78.4886541,NORTE,PICHINCHA,QUITO,CRESS,QUITO_AV. DEL MAESTRO,NORTE,AV DEL MAESTRO OE3-33 Y ANGEL CHAMUEL,0992455782,MARIA SOLEDAD OVIEDO CARGUACUNDO,SI,14H00,09H00 A 13H30- 14H30 18H30,09H00 A 12H00,csavdelmaestro.quito@hotmail.com
-0.2026723,-78.48519,NORTE,PICHINCHA,QUITO,DIRECTO,QUITO_BACA ORTIZ,NORTE,AV. COLON E-9-262 Y LUIS TAMAYO,02-3732000 EXT 2307,PABLO ARTURO AILLON CERVANTE,SI,11H00,08H00 A 18H00,09H00 A 13H00,csbacaortiz.quito@servientrega.com.ec
-0.2541138,-78.5338179,NORTE,PICHINCHA,QUITO,CRESS,QUITO_BARRIONUEVO,SUR,EL CANELO OE5-36 Y PEAT. OE5F,0983784997,MARIA SOLEDAD OVIEDO CARGUACUNDO,SI,14H00,09H30 A 13H00 - 14H00 A 18H00,09H00 A 13H00,csbarrionuevo.quito@hotmail.com
-0.1633624,-78.498224,NORTE,PICHINCHA,QUITO,CRESS,QUITO_BECK ROLLO,NORTE,BECK ROLLO OE 7 196 Y JOSSIEU ( SECTOR EL BOSQUE ),0984401756/0999928320,MARIA SOLEDAD OVIEDO CARGUACUNDO,SI,-,10H00 A 18H00,NO LABORA,csquito.beckrollo@hotmail.com
-0.1584815,-78.4664634,NORTE,PICHINCHA,QUITO,DIRECTO,QUITO_BUGAMBILLAS,NORTE,AV. ELOY ALFARO N46-58 Y DE LAS BUGAMBILLAS,023732000 EXT. 2320,PABLO ARTURO AILLON CERVANTE,SI,13h00,08H30 A 18H30,09H00 A 13H00,csbugambillas.quito@servientrega.com.ec
-0.104064,-78.4249097,NORTE,PICHINCHA,QUITO,CRESS,QUITO_CALDERON COLONIA,NORTE,CARAPUNGO 28 88 Y COLONIA,025197189/0997882126,MARIA SOLEDAD OVIEDO CARGUACUNDO,SI,12H00,10H00 A 13H00 - 14H00 A 17H30,NO LABORA,quito_calderon@hotmail.com
-0.2715975,-78.5520957,NORTE,PICHINCHA,QUITO,CRESS,QUITO_CAMINOS DEL SUR,SUR,AV. MARISCAL SUCRE S26-52 Y CUSUBAMBA,0983108738,MARIA SOLEDAD OVIEDO CARGUACUNDO,SI,14h00,09H00 A 13H00 - 14H00 A 18H00,09H00 A 13H00,csquito.caminosdelsur@hotmail.com
-0.097723,-78.451047,NORTE,PICHINCHA,QUITO,CRESS,QUITO_CARAPUNGO,NORTE,AV.NEPTALI GODOY N14-66 Y AV.RIO GUAYAS,0959519703,PABLO ARTURO AILLON CERVANTE,SI,14h00,09H00 A 13H00 Y 14H00 A 18H00,09H00 A 13H00,cscarapungo7@gmail.com
-0.0912837,-78.4718505,NORTE,PICHINCHA,QUITO,DIRECTO,QUITO_CARCELEN,NORTE,CLEMENTE YEROVI OE2-168 YPASAJE RODRIGO DE TORQUENDAMA,02-3732000 EXT 2336,PABLO ARTURO AILLON CERVANTE,SI,14H00,08H30 A 18H30,09H00 A 16H00,cscarcelen.quito@servientrega.com.ec
-0.0753344,-78.4643604,NORTE,PICHINCHA,QUITO,CRESS,QUITO_CARCELEN BAJO,NORTE,CARCELEN BAJO E2F # N90-96-90,0998661476,MARIA SOLEDAD OVIEDO CARGUACUNDO,SI,14H00,09H00 A 13H00 - 14H00 A 18H00,08H00 A 12H00,cs122.quito@hotmail.com
-0.10367,-78.47003,NORTE,PICHINCHA,QUITO,CRESS,QUITO_CARCELEN INDUSTRIAL,NORTE,AV ELOY ALFARO N74-50 Y ANTONIO BASANTES,0985885447,PABLO ARTURO AILLON CERVANTE,SI,14H00,08H00 A 18H00,09H00 A 13H00,csquito_carcelenindustrial@hotmail.com
-0.2601889,-78.534985,NORTE,PICHINCHA,QUITO,CRESS,QUITO_CARDENAL DE LA TORRE,SUR,CARDENAL DE LA TORRE S14-57 Y RAFAEL FERRER,0939045275,MARIA SOLEDAD OVIEDO CARGUACUNDO,SI,14H00,09H00 A 13H00 - 14H00 A 18H00,09H00 A 13H00,cscardenaldelatorre.quito@hotmail.com
-0.2794062,-78.5560337,NORTE,PICHINCHA,QUITO,CRESS,QUITO_CHILLOGALLO,SUR,CARLOS FREIRE S31-65 Y PEDRO CARBO,02-3034807/0997978754,MARIA SOLEDAD OVIEDO CARGUACUNDO,SI,14H00,09H00 A 18H00,09H00 A 13H00,cs114.quito@gmail.com
-0.348407,-78.5463912,NORTE,PICHINCHA,QUITO,DIRECTO,QUITO_CIL SUR,SUR,S60C E1-261 Y AV. MALDONADO,02-3732000 EXT 2419,PABLO ARTURO AILLON CERVANTE,SI,12H00,08H00 A 13H00 Y 14H00 A 18H00,09H00 A 13H00,cscilsur.quito@servientrega.com.ec
-0.1997076,-78.4922652,NORTE,PICHINCHA,QUITO,CRESS,QUITO_CISLATAM COLON,NORTE,MARISCAL FOCH E4-186 Y AV. COLON,3823030 EXT.3036,FERNANDO GUERRERO HERRRERA,NO,-,09H00 A 18H00,NO LABORA,veronica.armas@cislatam.com
-0.1951557,-78.484423,NORTE,PICHINCHA,QUITO,CRESS,QUITO_CISLATAM REPUBLICA,NORTE,AV DE LA REPUBLICA E7-287 Y DIEGO DE ALMAGRO,3823030 EXT . 3037,FERNANDO GUERRERO HERRRERA,NO,-,09H00 A 18H00,NO LABORA,veronica.armas@cislatam.com
-0.0690431,-78.4514111,NORTE,PICHINCHA,QUITO,CRESS,QUITO_CIUDAD BICENTENARIO,NORTE,DE LOS NARCISOS 113 Y DE LAS BUGANVILLAS (FRENTE COL. REPLICA MONTUFAR),0983114667 - 0994225067,MARIA SOLEDAD OVIEDO CARGUACUNDO,SI,14h00,10H00 A 17H30,NO LABORA,csciudadbicentenario.quito@hotmail.com
-0.1269613,-78.4681674,NORTE,PICHINCHA,QUITO,CRESS,QUITO_COMITE DEL PUEBLO,NORTE,AV. JUAN MOLINEROS E13-89 Y LUIS TIPAN,0984242044,MARIA SOLEDAD OVIEDO CARGUACUNDO,SI,14H00,09H00 A 13H00 - 14H00 A 18H00,09H00 A 13H00,csquito.comite@gmail.com
-0.103781,-78.491521,NORTE,PICHINCHA,QUITO,DIRECTO,QUITO_CONDADO,NORTE,NOGALES N71-349 Y AV. DE LA PRENSA FRENTE AL CENTRO COMERCIAL CONDADO,02-3732000 EXT 2337,PABLO ARTURO AILLON CERVANTE,SI,11H00,08H30 A 19H00,09H00 A 16H00,cscondado.quito@servientrega.com.ec
-0.2904273,-78.4766668,NORTE,PICHINCHA,QUITO,CRESS,QUITO_CONOCOTO,SUROESTE,AV. LOLA QUINTANA E4-45 Y ORIENTE,02-2341655/0998954877,MARIA SOLEDAD OVIEDO CARGUACUNDO,SI,14H00,09H30 A 18H00,09H00 A 12H00,servientrega.quito68@hotmail.com
-0.1766271,-78.4884753,NORTE,PICHINCHA,QUITO,CRESS,QUITO_COREA,NORTE,10 DE AGOSTO N36-152 Y COREA,0963756059,MARIA SOLEDAD OVIEDO CARGUACUNDO,SI,14H00,09H00 A 18H00,09H00 A 13H00,quito_corea@hotmail.com
-0.1167491,-78.4940016,NORTE,PICHINCHA,QUITO,CRESS,QUITO_COTOCOLLAO 3,NORTE,SAN CARLOS OE4-520 Y CALLE OE4N,0983376989,MARIA SOLEDAD OVIEDO CARGUACUNDO,SI,14H00,09H00 A 18H00,09H00 A 13H00,cs139.quito@hotmail.com
-0.2009652,-78.4328989,NORTE,PICHINCHA,QUITO,DIRECTO,QUITO_CUMBAYA,NOROESTE,ELOY ALFARO OE1-34 Y AV. MARIA ANGELICA IDROVO,02-3732000 EXT 2315,PABLO ARTURO AILLON CERVANTE,SI,11H30,08H30 A 18H30,09H00 A 16H00,cscumbaya.quito@servientrega.com.ec
-0.2056873,-78.3793901,NORTE,PICHINCHA,QUITO,CRESS,QUITO_EL ARENAL,ESTE,INTEROCEANICA S/N TABLER EL ARENAL,0969771006,MARIA SOLEDAD OVIEDO CARGUACUNDO,SI,14H00,08HOO A 18H30,08H00 A 13H00,QUITO_ELARENAL@HOTMAIL.COM
-0.159678,-78.488214,NORTE,PICHINCHA,QUITO,CRESS,QUITO_EL BOSQUE,NOROESTE,CAPITAN ERNESTO MUNOZ N44-10 Y EDMUNDO CARVAJAL,02-2255991/0983808586,MARIA SOLEDAD OVIEDO CARGUACUNDO,SI,14H00,09H30 A 13H30 Y 14H00 A18H00,10H00A 13H00,servientrega.quito77@hotmail.com
-0.1604654,-78.4828024,NORTE,PICHINCHA,QUITO,CRESS,QUITO_EL CARMELO,NORTE,AV. RIO AMAZONAS N44-150 Y LUIS BARBERIS,022922566 - 0962834141,MARIA SOLEDAD OVIEDO CARGUACUNDO,SI,14H00,09H00 A 13H00 - 14H00 A 18H00,09H00 A 13H00,cselcarmelo.quito@hotmail.com
-0.2145749,-78.4971375,NORTE,PICHINCHA,QUITO,CRESS,QUITO_EL DORADO,CENTRO,YAGUACHI E5-27 ENTRE ANDRES BELLO Y QUITILIANO SANCHEZ,0984885057,PABLO ARTURO AILLON CERVANTE,SI,14H00,09H00 A 18H00,-,cseldorado.quito@hotmail.com
-0.132624,-78.462556,NORTE,PICHINCHA,QUITO,CRESS,QUITO_EL EDEN,NORTE,DE LOS CHOLANES E14-162 Y DE LAS ANONAS,0992871869,MARIA SOLEDAD OVIEDO CARGUACUNDO,SI,-,08H00 A 13H00 - 14H00 A 18H00,08H00 A 13H00,cseleden.quito@hotmail.com
-0.154417,-78.474416,NORTE,PICHINCHA,QUITO,CRESS,QUITO_EL INCA,NORTE,AV. EL INCA E10-139 Y DE LAS GARDENIAS,0995847162/0998253242,MARIA SOLEDAD OVIEDO CARGUACUNDO,SI,14H00,07H00 A 19H00,09H00 A 12H00,servientrega.quito75@hotmail.com
-0.1094916,-78.2974528,NORTE,PICHINCHA,QUITO,CRESS,QUITO_EL QUINCHE,CENTRO,PICHINCHA E1 - 217 Y SUCRE,02-2120480/0983896150,MARIA SOLEDAD OVIEDO CARGUACUNDO,SI,14H00,08H30 A 12H30 Y 13H30 A 17H30,NO LABORA,servientrega.elquinche@hotmail.com
-0.2826217,-78.4905826,NORTE,PICHINCHA,QUITO,CRESS,QUITO_EL ROSAL,NORTE,SIMON BOLIVAR LT6 Y CAMILO PONCE ENRIQUE (VIA CONOCOTO),0998605125,MARIA SOLEDAD OVIEDO CARGUACUNDO,SI,14H00,09H00 A 18H00,09H00 A 13H00,cselrosal.quito@hotmail.com
-0.135172,-78.493597,NORTE,PICHINCHA,QUITO,DIRECTO,QUITO_FAE,NORTE,AV. LA PRENSA NO 56-92 Y PASAJE CORONEL MOLINA,02-3732000 EXT 2341,PABLO ARTURO AILLON CERVANTE,SI,11H00,08H30 A 13H30 Y 14H30 A 18H30,09H00 A 13H00,csfae.quito@servientrega.com.ec
-0.2017553,-78.4926403,NORTE,PICHINCHA,QUITO,DIRECTO,QUITO_FOCH,NORTE,AV. AMAZONA 1023 Y PINTO,02-3732000 EXT 2331,PABLO ARTURO AILLON CERVANTE,SI,14H00,08H00 A 13H00 Y 14H00 A 18H00,NO LABORA,csfoch.quito@servientrega.com.ec
-0.122755,-78.479946,NORTE,PICHINCHA,QUITO,DIRECTO,QUITO_GALO PLAZA LASSO,NORTE,DE LOS CEDROS E1-75 Y GALO PLAZA LASSO,02-3732000 EXT 2301-2300,PABLO ARTURO AILLON CERVANTE,SI,09H30,07H00 A 19H00,08H00 A 13H00,csgaloplazalasso.quito@servientrega.com.ec
-0.1716445,-78.4727544,NORTE,PICHINCHA,QUITO,DIRECTO,QUITO_GASPAR DE VILLAROEL,NORTE,AV. GASPAR DE VILLARROEL E12-46 Y MANUEL GUZMAN,02-3732000 EXT 2348,PABLO ARTURO AILLON CERVANTE,SI,14H00,08H30 A 13H00 Y 14H00 A 18H30,-,csgaspardevillaroel.quito@servientrega.com.ec
-0.2126836,-78.4107779,NORTE,PICHINCHA,QUITO,CRESS,QUITO_GRAN MARCELINO,NORTE,(TUMBACO) OSWALDO GUAYASAMIN OE - 458 Y RODRIGUEZ NUEZ,0996846818/0993125661,MARIA SOLEDAD OVIEDO CARGUACUNDO,SI,14H00,09H00 A 18H00,09H00 A 14H00,csquito.granmarcelino@hotmail.com
-0.1727857,-78.4945652,NORTE,PICHINCHA,QUITO,DIRECTO,QUITO_GRANDA CENTENO 1,NORTE,JUAN JOSE VILLALENGUA OE4-359 Y GREGORIO DE BOBADILLA,3732000 EXT 2367,PABLO ARTURO AILLON CERVANTE,SI,14H00,08H00 A 13H00 - 14H00 A 18H00,-,csgrandacenteno.quito@servientrega.com.ec
-0.2851428,-78.5366677,NORTE,PICHINCHA,QUITO,DIRECTO,QUITO_GUAJALO,SUR,AV. MALDONADO S27232 Y RIO ZABALETA,02-3732000 EXT 2335,PABLO ARTURO AILLON CERVANTE,SI,14H00,08H00 A 18H00,09H00 A 13H00,csguajalo.quito@servientrega.com.ec
-0.1356174,-78.4432768,NORTE,PICHINCHA,QUITO,CRESS,QUITO_GUALO,NORTE,17 DE SEPTIEMBRE S/N Y ESPEJO,0986922613,MARIA SOLEDAD OVIEDO CARGUACUNDO,SI,14HOO,10H00 A 13H00 - 14H00 A 18H30,10H00 A 13H00,csgualo.quito@hotmail.com
-0.3284439,-78.5498792,NORTE,PICHINCHA,QUITO,CRESS,QUITO_GUAMANI,SUR,YANAYACU E1-64 Y AV. PEDRO VICENTE MALDONADO,02- 3650601 - 091797576,MARIA SOLEDAD OVIEDO CARGUACUNDO,SI,14H00,08H00 A 18H00,08H00 A 13H00,csguamani.quito@hotmail.com
-0.0630198,-78.3529283,NORTE,PICHINCHA,QUITO,CONCESION,QUITO_GUAYLLABAMBA,CENTRO,AV. SIMON BOLIVAR S/N 24 DE MAYO,022130437 /0984079103,MARIA SOLEDAD OVIEDO CARGUACUNDO,SI,12H00,09H00 A 13H00 Y 14H00 A 18H00,09H00 A 13H00,csguayllabamba.quito@gmail.com
-0.2131943,-78.5006231,NORTE,PICHINCHA,QUITO,DIRECTO,QUITO_HERMANOS PAZMINO,CENTRO,HNOS PAZMINO E-4-87 Y AV. 6 DE DICIEMBRE,02-3732000 EXT 2330,PABLO ARTURO AILLON CERVANTE,SI,11H00,08H00 A 13H00 Y 14H00 A 18H00,NO LABORA,cshermanospazmino.quito@servientrega.com.ec
-0.1484956,-78.4755088,NORTE,PICHINCHA,QUITO,CRESS,QUITO_HORTENCIAS,NORTE,DE LAS HORTENCIAS E9-34 Y AV. 6 DE DICIEMBRE,0984211033,MARIA SOLEDAD OVIEDO CARGUACUNDO,SI,13H00,09H00 A 13H00 - 14H00 A 18H00,09H00 A 13H00,cs138.quito@hotmail.com
-0.3040764,-78.4666448,NORTE,PICHINCHA,QUITO,CRESS,QUITO_ILALO,SUR,AV. ILALO E9-24 Y CARLOS ANDRADE MARIN,09-86692043/0958637968,MARIA SOLEDAD OVIEDO CARGUACUNDO,SI,14H00,09H00 A 18H00,09H00 A 14H00,cs119.quito@hotmail.com
-0.2183379,-78.5158445,NORTE,PICHINCHA,QUITO,CRESS,QUITO_IPIALES,CENTRO,IMBABURA N4-35 Y MIDEROS,0962724284,MARIA SOLEDAD OVIEDO CARGUACUNDO,SI,-,9H30-13H00 A 14HOO-17H00,09H30 A 13H00,servientregaquitoipiales@gmail.com
-0.1424326,-78.500639,NORTE,PICHINCHA,QUITO,DIRECTO,QUITO_JEFATURA,NORTE,AV MARISCAL ANTONIO JOSE DE SUCRE N52-235 Y CESAR VILLACRES,02-3732000 EXT 2311,PABLO ARTURO AILLON CERVANTE,SI,12h00,08H00 A 12H00 Y 13H00 A 18H00,09H00 A 13H00,csjefatura.quito@servientrega.com.ec
-0.1640918,-78.4759076,NORTE,PICHINCHA,QUITO,CRESS,QUITO_JIPIJAPA,NORTE,LOUVRE E10-196 Y AV. 6 DE DICIEMBRE,0979247605,MARIA SOLEDAD OVIEDO CARGUACUNDO,SI,14H00,09H00 A 13H00 -14H00 A 18H00OO,09H00 A 13H00,csjipijapa.quito@hotmail.com
-0.1538732,-78.48925,NORTE,PICHINCHA,QUITO,CRESS,QUITO_JORGE PAEZ,NORTE,JORGE ANIBAL PAEZ OE3-09 Y AV DE LA PRENSA ( LA CONCEPCION ),2475360 - 0998248236,MARIA SOLEDAD OVIEDO CARGUACUNDO,SI,14H00,09H00 A 18H00,09H00 A 13H00,csjorgepaez.quito@hotmail.com
-0.140727,-78.4827139,NORTE,PICHINCHA,QUITO,DIRECTO,QUITO_KENEDDY,NORTE,AV.10 DE AGOSTO NO.53-78 Y RAMON BORJA,02-3732000 EXT 2304,PABLO ARTURO AILLON CERVANTE,SI,11H00,08H30 A 13H00 Y 14H00 A 18H30,09H00 A 13H00,cskeneddy.quito@servientrega.com.ec
-0.3095285,-78.5456782,NORTE,PICHINCHA,QUITO,CRESS,QUITO_LA COCHA,SUR,AV. MALDONADO S44-182 LA COCHA,992781411,MARIA SOLEDAD OVIEDO CARGUACUNDO,SI,14H00,09H00 A 18H00,09H00 A 13H00,quito_lacocha@hotmail.com
-0.1985641,-78.4960916,NORTE,PICHINCHA,QUITO,DIRECTO,QUITO_LA COLON,CENTRO,AV 10 DE AGOSTO N24 -146 Y AV COLON,02-3732000 EXT 2329,PABLO ARTURO AILLON CERVANTE,SI,11H30,08H30 A 18H30,09H00 A 16H00,cslacolon.quito@servientrega.com.ec
-0.3105738,-78.5651902,NORTE,PICHINCHA,QUITO,CRESS,QUITO_LA ECUATORIANA,SUR,IGNACIO NOBOA S46-143 Y AV LA ECUATORIANA,0998496548,MARIA SOLEDAD OVIEDO CARGUACUNDO,SI,14H00,10H00 A 13H00 Y 14H00 A 18H00,09H30 A 13H00,cslaecuatoriana.quito@hotmail.com
-0.210072,-78.482501,NORTE,PICHINCHA,QUITO,CRESS,QUITO_LA FLORESTA,NORTE,AV. CORUA N24-77 Y GUIPUZCOA,0995878185,MARIA SOLEDAD OVIEDO CARGUACUNDO,SI,14H00,09H00 A 13H00 Y 14H00 A 18H00,09H00 A 14H00,cs97.quito@hotmail.com
-0.1439093,-78.4974086,NORTE,PICHINCHA,QUITO,CRESS,QUITO_LA FLORIDA,NORTE,JORGE ERAZO N52-10 Y LA FLORIDA,0983272061,PABLO ARTURO AILLON CERVANTE,SI,14H00,08H30 A 18H00,09H30 A 13H00,cslaflorida.quito@hotmail.com
-0.195754,-78.5047,NORTE,PICHINCHA,QUITO,DIRECTO,QUITO_LA GASCA,CENTRO NORTE,AV. LA GASCA OE6-71,02-3732000 EXT 2313,PABLO ARTURO AILLON CERVANTE,SI,11H00,08H00 A 13H00 Y 14H00 A 18H00,NO LABORA,cslagasca.quito@servientrega.com.ec
-0.224470,-78.507251,NORTE,PICHINCHA,QUITO,CRESS,QUITO_LA MARIN,CENTRO SUR,AV. PICHINCHA N4-145 E INCLANA,0983570094,PABLO ARTURO AILLON CERVANTE,SI,14H00,09H00 A 18H00,09H00 A 13H00,cslamarin.quito@hotmail.com
-0.2363237,-78.5267532,NORTE,PICHINCHA,QUITO,CRESS,QUITO_LA MASCOTA,SUR,RODRIGO DE CHAVEZ OE4-233 Y AV MARISCAL DE SUCRE,0998954313,MARIA SOLEDAD OVIEDO CARGUACUNDO,SI,14H00,09H00 A 13H00 Y 14H00 A 18H00,NO LABORA,cs109.quito@hotmail.com
-0.253425,-78.553606,NORTE,PICHINCHA,QUITO,CRESS,QUITO_LA MENA 2,SUR,ALONSO DE ROBLES S17-31 Y CRISTOBAL ENRIQUEZ,0982177797,PABLO ARTURO AILLON CERVANTE,NO,14H00,09H00 A 18H00,09H00 A 13H00,cslamena2.quito@hotmail.com
-0.1997839,-78.4873718,NORTE,PICHINCHA,QUITO,DIRECTO,QUITO_LA NIÃA,CENTRO NORTE,DIEGO DE ALMAGRO N26-11 Y LA NIA,02-3732000 EXT 2349,PABLO ARTURO AILLON CERVANTE,SI,12H00,08H00 A 13H00 Y 14H00 A 18H00,NO LABORA,cslanina.quito@servientrega.com.ec
-0.2068221,-78.4277089,NORTE,PICHINCHA,QUITO,CRESS,QUITO_LA PRIMAVERA 1,NORTE,AV. INTEROCEANICA S/N Y SIEBA FRENTE AL CENTRO COMERCIAL SCALA,0987432444 - 0999200782,PABLO ARTURO AILLON CERVANTE,SI,14H00,08H00 A 18H00,08H00 A 13H00,cslaprimavera1.quito@hotmail.com
-0.2544191,-78.5405616,NORTE,PICHINCHA,QUITO,CRESS,QUITO_LA SANTIAGO,SUR,AV. MARISCAL SUCRE S13-32 Y SIGCHOS,0988368517,MARIA SOLEDAD OVIEDO CARGUACUNDO,SI,12H30,09H00 A 18H30,09H00 A 13H00,cs113.quito@hotmail.com
-0.1109187,-78.4317782,NORTE,PICHINCHA,QUITO,CRESS,QUITO_LANDAZURI,NORTE,AV. CARAPUNGO SN Y LEONIDAS PROAO,0995416340/0963044346,MARIA SOLEDAD OVIEDO CARGUACUNDO,SI,14H00,09H00 A 13H00 - 14H00 A 18H00,09H00 A 13H00,csquito.landazuri@hotmail.com
-0.184805,-78.507557,NORTE,PICHINCHA,QUITO,CRESS,QUITO_LAS CASAS,CENTRO NORTE,JUAN ACEVEDO N29-89 Y DIAZ DE MADRID,02-5101534/0986501574,MARIA SOLEDAD OVIEDO CARGUACUNDO,SI,14H00,09H00 A 13H00 Y 14H00 A 18H00,09H00 A 13H00,servientrega.quito86@hotmail.com
-0.2915963,-78.5588801,NORTE,PICHINCHA,QUITO,DIRECTO,QUITO_LAS CUADRAS,SUR,NICOLAS CEVALLOS S 36,02-3732000 EXT 2364,PABLO ARTURO AILLON CERVANTE,SI,14H00,08H00 A 13H00 - 14H00 A 18H00,09H00 A 13H00,cslascuadras.quito@servientrega.com.ec
-0.117203,-78.433454,NORTE,PICHINCHA,QUITO,CRESS,QUITO_LLANO GRANDE,NORTE,VIA LLANO GRANDE SN Y AV.GARCIA MORENO,02-2837204 - 0998006652,MARIA SOLEDAD OVIEDO CARGUACUNDO,SI,14H00,09H00 A 18H00,NO LABORA,cs101.quito@hotmail.com
-0.244938,-78.494695,NORTE,PICHINCHA,QUITO,CRESS,QUITO_LOMA PUENGASI,SURESTE,CONSTANTINO FERNANDEZ S5-320 Y RICARDO IZURIETA,0984776525,MARIA SOLEDAD OVIEDO CARGUACUNDO,SI,14H00,08H30 A 13H00 Y 14H00 A 18H00,08H30 A 13H00,cs129.quito@hotmail.com
-0.110493,-78.493731,NORTE,PICHINCHA,QUITO,CRESS,QUITO_LOYOLA 1,NORTE,AV DE LA PRENSA N67 Y RAMON CHIRIBOGA,0992788673,MARIA SOLEDAD OVIEDO CARGUACUNDO,SI,14H00,09H00 A 18H00,09H00 A 13H00,QUITO_LOYOLA@HOTMAIL.COM
-0.1082384,-78.4549981,NORTE,PICHINCHA,QUITO,CRESS,QUITO_LUIS VACARI,NORTE,PASAJE A 160 Y LUIS VACARI ( ENTRADA A CARAPUNGO),0984355427,MARIA SOLEDAD OVIEDO CARGUACUNDO,SI,14H00,08H00 A 12H30 Y 14H00 A 18H00,NO LABORA,csluisvacari.quito@hotmail.com
-0.2341156,-78.508296,NORTE,PICHINCHA,QUITO,CRESS,QUITO_LULUNCOTO,CENTRO SUR,FIDEL LOPEZ S5-39 Y CESAR ESPINOZA,025116258 - 0995664332,PABLO ARTURO AILLON CERVANTE,NO,14H00,09H00 A 18H00,09H00 A 13H00,csluluncoto.quito@hotmail.com
-0.226567,-78.448090,NORTE,PICHINCHA,QUITO,CRESS,QUITO_LUMBISI 2,CENTRO,ALFONSO LAMINA OE1-46 Y FELIPE RINALDI,0982358840,MARIA SOLEDAD OVIEDO CARGUACUNDO,SI,14H00,09H00 A 18H00,09H00 A 14H00,cslumbisi.quito@hotmail.com
-0.17794,-78.4939358,NORTE,PICHINCHA,QUITO,DIRECTO,QUITO_MANOSCA,NORTE,AV. AMERICA 35-58 Y MANOSCA,02-3732000 EXT 2306,PABLO ARTURO AILLON CERVANTE,SI,13H00,08H00 A 13H00 Y 14H00 A 18H00,09H00 A 13H00,csmanosca.quito@servientrega.com.ec
-0.1896615,-78.4889732,NORTE,PICHINCHA,QUITO,DIRECTO,QUITO_MARIANA DE JESUS,NORTE,AV. MARIANA DE JESUS Y HUNGRIA,02-3732000 EXT 2340,PABLO ARTURO AILLON CERVANTE,SI,11H00,08H00 A 18H00,NO LABORA,csmarianadejesus.quito@servientrega.com.ec
-0.094349,-78.43719,NORTE,PICHINCHA,QUITO,DIRECTO,QUITO_MARIANAS,NORTE,MARIANAS - GEOVANNI CALLES Y DUCHICELA,023732000 ext 2318,PABLO ARTURO AILLON CERVANTE,SI,14H00,08H00 A 13H00 Y 14H00 A 18H00,09H00 A 13H00,csmarianas.quito@servientrega.com.ec
-0.0866265,-78.4235115,NORTE,PICHINCHA,QUITO,CRESS,QUITO_MARIANITAS,NORTE,GEOVANNY CALLES E2-261 Y EFRAIN ARMAS,0987554011,PABLO ARTURO AILLON CERVANTE,SI,14H00,08H30 A 13H00 Y 14H00 A 18H00,09H00 A 13H00,csmarianitas.quito@hotmail.com
-0.2073172,-78.4947916,NORTE,PICHINCHA,QUITO,DIRECTO,QUITO_MARISCAL,NORTE,JORGE WASHINGTON E7-07 REINA VICTORIA,02-3732000 EXT 2314,PABLO ARTURO AILLON CERVANTE,SI,12h00,08H00 A 18H00,09H00 A 13H00,csmariscal.quito@servientrega.com.ec
-0.1600159,-78.4960301,NORTE,PICHINCHA,QUITO,CRESS,QUITO_MARKET PLACE,NORTE,MARISCAL ANTONIO JOSE DE SUCRE 167 Y AV OCCIDENTAL,0989996934/0984044563,MARIA SOLEDAD OVIEDO CARGUACUNDO,NO,-,09H00 -13H00 -14H00 A 18H00,09H00 A 13H00,csmarketplace.quito@hotmail.com
-0.305740,-78.566740,NORTE,PICHINCHA,QUITO,CRESS,QUITO_MARTHA BUCARAM,SUR,AV. MARTHA BUCARAM S43-134 Y S 43 C,0992926429,MARIA SOLEDAD OVIEDO CARGUACUNDO,SI,14H00,09H00 A 13H00 - 14H00 A 18H00,09H00 A 13H00,csmarthabucaram.quito@hotmail.com
-0.1119481,-78.5060251,NORTE,PICHINCHA,QUITO,CRESS,QUITO_MENA DEL HIERRO,NORTE,MACHALA OE8-90 Y AV MARISCAL SUCRE,0984748465/0984804952,MARIA SOLEDAD OVIEDO CARGUACUNDO,SI,14H00,09H00 A 13H00 - 14H00 A 18H00,NO LABORA,csmenadelhierro.quito@hotmail.com
-0.306895,-78.417480,NORTE,PICHINCHA,QUITO,CRESS,QUITO_MERCADO ALANGASI,ESTE,SIMON BOLIVAR 426 Y JUAN LEON MERA,22788065 / 0990679811,PABLO ARTURO AILLON CERVANTE,SI,14H00,09H00 A 13H00 - 14H00 A 18H00,09H00 A 13H00,csmercadoalangasi.quito@hotmail.com
-0.331754,-78.486976,NORTE,PICHINCHA,QUITO,CRESS,QUITO_MIRANDA,SUROESTE,RIO NAPO E2-33 Y ENSINA,0999969069,PABLO ARTURO AILLON CERVANTE,SI,14H00,09H00 A 13H00 - 14H00 A 18H00,09H00 A 13H00,csmiranda.quito@gmail.com
-0.0099105,-78.4462942,NORTE,PICHINCHA,QUITO,DIRECTO,QUITO_MITAD DEL MUNDO,NORTE,13 DE JUNIO S1-105 Y AV. EQUINOCCIAL,02-3732000 EXT 2319,PABLO ARTURO AILLON CERVANTE,SI,14h30,08H30 A 18H30,09H00 A 13H00,csmitaddelmundo.quito@servientrega.com.ec
-,-,NORTE,PICHINCHA,QUITO,CRESS,QUITO_MOVILBANK,NORTE,AV ORELLANA E4-430 Y AV AMAZONAS,0,ANDRES FELIPE RIOS GARCIA,NO,-,-,-,1@MOVILBANK.COM
-0.177074,-78.479944,NORTE,PICHINCHA,QUITO,DIRECTO,QUITO_NACIONES UNIDAS,NORTE,AV.NACIONES UNIDAS E10-44 Y REPUBLICA DEL SALVADOR,02-3732000 EXT 2305,PABLO ARTURO AILLON CERVANTE,SI,13H00,08H30 A 20H00,09H00 A 16H00,csnacionesunidas.quito@servientrega.com.ec
-0.239985,-78.5113398,NORTE,PICHINCHA,QUITO,CRESS,QUITO_NAPO,SUR,CALLE GUAYLLABAMBA E4-69 Y EUGENIA MERA CHIMBACALL,0987114509,MARIA SOLEDAD OVIEDO CARGUACUNDO,SI,14H00,09H00 A 13H00 Y 14H00 A 18H00,09H00 A 13H00,cs134.quito@hotmail.com
-0.1578973,-78.4400151,NORTE,PICHINCHA,QUITO,CRESS,QUITO_NAYON,NORESTE,ANTONIO JOSE DE SUCRE N1-27 Y QUITO,0979200292,MARIA SOLEDAD OVIEDO CARGUACUNDO,SI,11h00,09H00 A 13H00 Y 14H00 A 18H00,08H00 A 12H00,quito_nayon@hotmail.com
-0.3170148,-78.5521807,NORTE,PICHINCHA,QUITO,CRESS,QUITO_NUEVA AURORA,SUR,GEOVANNY BENITEZ S48-144 Y FENICIO ANGULO,0992680003 / 0963854520,MARIA SOLEDAD OVIEDO CARGUACUNDO,SI,14H00,09H00 A 17H30,09H00 A 12H00,csquito.nuevaaurora@gmail.com
-0.219006,-78.5092893,NORTE,PICHINCHA,QUITO,DIRECTO,QUITO_OLMEDO,CENTRO,OLMEDO OE2-75 Y GUAYAQUIL,023732000 EXT 2328,PABLO ARTURO AILLON CERVANTE,SI,14H00,08H00 A 13H00 - 14H00 A 17H30,09H00 A 13H00,csolmedo.quito@servientrega.com.ec
-0.1260298,-78.4986285,NORTE,PICHINCHA,QUITO,DIRECTO,QUITO_PABLO ARTURO 1,NORTE,MACHALA 59-133 Y MIGUEL ARIAS,02-3732000 EXT 2365,PABLO ARTURO AILLON CERVANTE,SI,12h00,08H00 A 12H30 Y 13H30 A 18H00,09H00 A 13H00,cspabloarturo1.quito@servientrega.com.ec
-0.1311912,-78.4980126,NORTE,PICHINCHA,QUITO,CRESS,QUITO_PARQUE INGLES,NORTE,VICENTE AGUIRRE OE6-26 Y MACHALA,0997606879,MARIA SOLEDAD OVIEDO CARGUACUNDO,SI,14H00,09H00 A 18H00,09H00 A 12H00,csquito.parqueingles@hotmail.com
-0.2227347,-78.5133155,NORTE,PICHINCHA,QUITO,CRESS,QUITO_PASAJE BOLIVAR,CENTRO,BOLIVAR OE3-59 Y VENEZUELA,0981106464,PABLO ARTURO AILLON CERVANTE,SI,14H00,08H00 A 18H00,09H00 A 13H00,cspasajebolivar.quito@hotmail.com
-0.3084959,-78.4432006,NORTE,PICHINCHA,QUITO,CRESS,QUITO_PEDREGAL,SURESTE,OE8E Y RIO PITA,0958847324,MARIA SOLEDAD OVIEDO CARGUACUNDO,SI,14H00,08H00 A 18H00,08H00 A 12H00,csquito.pedregal@hotmail.com
-0.105376,-78.4993427,NORTE,PICHINCHA,QUITO,CRESS,QUITO_PEDRO DE LA PENA,NORTE,PEDRO DE LA PENA OE5-188 Y CATON CARDENAS,0998108882,MARIA SOLEDAD OVIEDO CARGUACUNDO,SI,14H00,08H00 A 13H00 - 14H00 A 18H300,08H30 A 13H00,andreaclavijo143@gmail.com
-0.2207155,-78.3345665,NORTE,PICHINCHA,QUITO,CRESS,QUITO_PIFO 1,NORTE,MARIA TERESA VELASQUEZ S/N Y OSWALDO GUAYASAMIN,0963687217,MARIA SOLEDAD OVIEDO CARGUACUNDO,SI,14H00,08H00 A 17H00,09H00 A 13H00,cs90.quito@hotmail.com
-0.244556,-78.53374,NORTE,PICHINCHA,QUITO,CRESS,QUITO_PINTADO 1,SUR,MARISCAL SUCRE S 10-472 E ILLESCAS,0998605125,MARIA SOLEDAD OVIEDO CARGUACUNDO,SI,14H00,09H00 A 18H30,09H00 A 12H00,servientregaquito17@hotmail.com
-0.370333,-78.373229,NORTE,PICHINCHA,QUITO,CRESS,QUITO_PINTAG 1,ESTE,ANTISANA S/N Y MARQUEZA DE SOLANDA,0958865875,MARIA SOLEDAD OVIEDO CARGUACUNDO,SI,14h00,08H30 A 13H00 - 14H00 A 18H00,NO LABORA,cspintag1.quito@hotmail.com
-0.1633106,-78.4896161,NORTE,PICHINCHA,QUITO,DIRECTO,QUITO_PLAZA ROMA,NORTE,HIDALGO DE PINTO N42-230 Y AV. BRASIL,02-3732000 EXT 2322,PABLO ARTURO AILLON CERVANTE,NO,-,08H30 A 13H30 Y 14H30 A18H30,NO LABORA,csplazaroma.quito@servientrega.com.ec
-0.0541487,-78.4561568,NORTE,PICHINCHA,QUITO,CRESS,QUITO_POMASQUI,NORTE,MARIETA DE VEINTIMILLA S1-22 Y PRIMERA TRASVERSAL,0969028737,MARIA SOLEDAD OVIEDO CARGUACUNDO,SI,14h00,08H30 A 18H30,09H00 A 13H00,csquito.pomasqui@hotmail.com
-0.1822067,-78.4756689,NORTE,PICHINCHA,QUITO,DIRECTO,QUITO_PORTUGAL,NORTE,AV ELOY ALFARO N34-473 Y PORTUGAL,02-3732000 EXT 2321,PABLO ARTURO AILLON CERVANTE,SI,-,08H00 A 13H00 Y 14H00 A 18H00,NO LABORA,csportugal.quito@servientrega.com.ec
-0.2032122,-78.3683647,NORTE,PICHINCHA,QUITO,DIRECTO,QUITO_PUEMBO,NORTE,AV INTEROCEANICA S9-362 Y LA Y DE PUEMBO,023732000 EXT 2350,PABLO ARTURO AILLON CERVANTE,SI,11h30,08H00 A 13H00 Y 14H00 A 17H30,-,cspuembo.quito@servientrega.com.ec
-0.068193,-78.4688232,NORTE,PICHINCHA,QUITO,DIRECTO,QUITO_PUSUQUI,NORTE,MANUEL CORDOVA GALARZA OE4-308 Y EL VERGEL,02-3732000 EXT 2317,PABLO ARTURO AILLON CERVANTE,SI,14H00,08H30 A 13H00 Y 14H00 A 18H30,NO LABORA,cspusuqui.quito@servientrega.com.ec
-0.2827548,-78.4690105,NORTE,PICHINCHA,QUITO,CRESS,QUITO_QUIMICA ARMENIA,SUROESTE,AV. LOLA QUINTANA N9-397 Y ALFREDO GANGOTENA,0983284932,MARIA SOLEDAD OVIEDO CARGUACUNDO,SI,14H00,09H00 A 13H00 - 14H00 A 18H00,09H00 A 13H00,csquimicaarmenia.quito@hotmail.com
-0.085223,-78.4685371,NORTE,PICHINCHA,QUITO,CRESS,QUITO_QUIMICA CARCELEN,NORTE,JOSE GUERRERO E1-102 Y JUAN DE LA VEGA,22803899,MARIA SOLEDAD OVIEDO CARGUACUNDO,SI,14H00,09H00 A 13H00 - 14H00 A 18H00,10H00 A 14H00,quito_quimicacarcelen@hotmail.com
-0.2948085,-78.4779101,NORTE,PICHINCHA,QUITO,CRESS,QUITO_QUIMICA CONOCOTO,SUR,MARISCAL SUCRE S3-20 Y MONTUFAR,0996003075,MARIA SOLEDAD OVIEDO CARGUACUNDO,SI,14H00,09H00 A14HOO A 15H30 A 19HOO,09H00 A 12H00,csquimicaconocoto.quito@hotmail.com
-0.1363544,-78.471283,NORTE,PICHINCHA,QUITO,CRESS,QUITO_QUIMICA EL EDEN,NORTE,DE LOS PINOS E10-81 Y AV ELOY ALFARO,0982600882,PABLO ARTURO AILLON CERVANTE,SI,14H00,09H00 A 18H00,09H00 A 13H00,csquimicaeden.quito@hotmail.com
-0.1670981,-78.470617,NORTE,PICHINCHA,QUITO,CRESS,QUITO_QUIMICA GRANADOS,NORTE,AV. LOS GRANADOS SN Y SAN JOSE QUERI,0999783095,MARIA SOLEDAD OVIEDO CARGUACUNDO,SI,14H00,09H00 A 18HOO,09H30 A 13H00,QUITO_QUIMICAGRANADOS@HOTMAIL.COM
-0.189166,-78.447875,NORTE,PICHINCHA,QUITO,CRESS,QUITO_QUIMICA MIRAVALLE,NORESTE,AV. INTEROCEANICA S/N Y CALLE J,0983030341,PABLO ARTURO AILLON CERVANTE,SI,14H00,09H00 A 18H00,09H00 A 13H00,csquimicamiravalle.quito@hotmail.com
-0.1566751,-78.4711641,NORTE,PICHINCHA,QUITO,CRESS,QUITO_QUIMICA PALMERAS,NORTE,AV DE LAS PALMERAS N46-353 Y TORONJAS,0987811228/0995397693,MARIA SOLEDAD OVIEDO CARGUACUNDO,SI,14H00,09H00 A 13H00 - 14H00 A 18H00,09H00 A 13H00,csquimipalmeras.quito@hotmail.com
-0.057517,-78.454956,NORTE,PICHINCHA,QUITO,CRESS,QUITO_QUIMICA POMASQUI,NORTE,AV. MANUEL CORDOVA GALARZA S/N Y SAN JOSE,0983781742 - 0997083436,MARIA SOLEDAD OVIEDO CARGUACUNDO,SI,14H00,09H00 A 18H00,09H00 A 13H00,laquimicapomasqui@gmail.com
-0.2005138,-78.4992835,NORTE,PICHINCHA,QUITO,CRESS,QUITO_QUIMICA SANTA CLARA,CENTRO NORTE,RAMIREZ DAVALOS OE3-27 Y VERSALLES,0958801108,MARIA SOLEDAD OVIEDO CARGUACUNDO,SI,14H00,08H00 A 18H00,09H00 A 17H00,csquimicastaclara.quito@hotmail.com
-0.2898864,-78.5439414,NORTE,PICHINCHA,QUITO,CRESS,QUITO_QUITUMBE,SUR,OE2C S33-05 CALLE QUIPUS,0964187399,MARIA SOLEDAD OVIEDO CARGUACUNDO,SI,15H00,09H00 A 13H00 - 14H00 A 18H00,NO LABORA,csquitumbe.quito@hotmail.com
-0.126247,-78.4866012,NORTE,PICHINCHA,QUITO,CRESS,QUITO_REAL AUDIENCIA 1,NORTE,AV. REAL AUDIENCIA N60-22 Y NAGOLA,0983528509,PABLO ARTURO AILLON CERVANTE,SI,14H00,08H00 A 18H00,09H00 A 13H00,csrealaudiencia.quito@hotmail.com
-0.184289,-78.48871,NORTE,PICHINCHA,QUITO,CRESS,QUITO_REPUBLICA,NORTE,AV REPUBLICA E3 11 AZUAY,02-4507933/0987416143,MARIA SOLEDAD OVIEDO CARGUACUNDO,SI,13H30,09H00 A 18H00,09H00 A 12H00,cs98.quito@hotmail.com
-0.1626475,-78.4794696,NORTE,PICHINCHA,QUITO,DIRECTO,QUITO_RIO COCA,NORTE,AV. ISLA SEYMOR N43-227 Y RIO COCA,02-3732000 EXT 2333,PABLO ARTURO AILLON CERVANTE,SI,11H00,08H00 A 13H00 Y 14H00 A 18H00,09H00 A 13H00,csriococa.quito@servientrega.com.ec
-0.0839661,-78.5074413,NORTE,PICHINCHA,QUITO,CRESS,QUITO_ROLDOS,NORTE,CALLE N85 OE10-64 Y OE11,0995026363,MARIA SOLEDAD OVIEDO CARGUACUNDO,SI,14H00,08H00 A 17H00,09H00 A 12H00,csquito.roldos@hotmail.com
-0.2677151,-78.527229,NORTE,PICHINCHA,QUITO,CRESS,QUITO_SAN BARTOLO,SUR,BUENAVISTA E1-11 Y AV MALDONADO,22685287/0987138386,MARIA SOLEDAD OVIEDO CARGUACUNDO,SI,14HOO,08H30-14H30 A15H00-18H30,08H30 A 14H00,QUITO_SANBARTOLO@HOTMAIL.COM
-0.1485466,-78.4667263,NORTE,PICHINCHA,QUITO,DIRECTO,QUITO_SAN ISIDRO,NORTE,DE LOS NOGALES N49-227 Y DE LOS OLIVOS,02-3732000 EXT 2363,PABLO ARTURO AILLON CERVANTE,SI,12h00,08H00 A 13H00 - 14H00 A 18H00,NO LABORA,cssanisidro.quito@servientrega.com.ec
-0.311130,-78.472301,NORTE,PICHINCHA,QUITO,DIRECTO,QUITO_SAN JOSE DEL VALLE,ESTE,GRIBALDO MINO S14-28 Y PASAJE TIWINZA,3732000 EXT 2354,PABLO ARTURO AILLON CERVANTE,SI,14H00,08H00 A 13H30 - 14H30 A 18H00,-,cssanjose.quito@servientrega.com.ec
-0.085494,-78.437384,NORTE,PICHINCHA,QUITO,CRESS,QUITO_SAN JOSE MORAN,NORTE,AV CARLOS MANTILLA OE3-108 Y PASAJE MENDOZA,02-2031277/0999201290,MARIA SOLEDAD OVIEDO CARGUACUNDO,SI,14H00,08H00 A 18H00,08H00 A 12H00,cs126.quito@hotmail.com
-0.269834,-78.465119,NORTE,PICHINCHA,QUITO,CRESS,QUITO_SAN JUAN ARMENIA,ESTE,CORNELIA DE POLIT N12-194,0964215872,MARIA SOLEDAD OVIEDO CARGUACUNDO,SI,14H00,09H00 A 14H00 - 15H00 A 18H00,09H00 A 13H00,cssanjuanarmenia.quito@hotmail.com
-0.298006,-78.460411,NORTE,PICHINCHA,QUITO,DIRECTO,QUITO_SAN RAFAEL,SURESTE,AUTOPISTA GENERAL RUMINAHUI E ISLA ESPANOLA,02-3732000 EXT 2309,PABLO ARTURO AILLON CERVANTE,SI,11H00,08H00 A 18H30,09H00 A 16H00,cssanrafael.quito@servientrega.com.ec
-0.324371,-78.449261,NORTE,PICHINCHA,QUITO,CRESS,QUITO_SANGOLQUI,SURESTE,AV. LUIS CORDERO 325 Y RIO BOBONAZA,0983404808 / 0984772522,MARIA SOLEDAD OVIEDO CARGUACUNDO,SI,14HOO,09H00 A 18H00,09H00 A 13H00,cssangolqui.quito@hotmail.com
-0.21539,-78.50399,NORTE,PICHINCHA,QUITO,CRESS,QUITO_SANTA PRISCA BCO CENTRAL,CENTRO,10 DE AGOSTO N11-487 Y CARLOS IBARRA,0979390840 - 0985848300,MARIA SOLEDAD OVIEDO CARGUACUNDO,SI,11H00,08H00 A 18H00,09H00 A 13H00,servientrega.quito82@hotmail.com
-0.0430713,-78.4449352,NORTE,PICHINCHA,QUITO,DIRECTO,QUITO_SANTA ROSA POMASQUI,NORTE,AV. SIMON BOLIVAR S/N Y EUGENIO DE SANTACRUZ Y ESPEJO,02-3732000 EXT 2339,PABLO ARTURO AILLON CERVANTE,SI,14H00,08H00 A 13H00 - 14H00 A 18H00,-,cssantarosapomasqui.quito@servientrega.com.ec
-0.1953575,-78.4991057,NORTE,PICHINCHA,QUITO,CRESS,QUITO_SEMINARIO,CENTRO NORTE,AV. AMERICA N26-14 Y MOSQUERA NARVAEZ,02-3517249/0984560331,MARIA SOLEDAD OVIEDO CARGUACUNDO,SI,14H00,09H00 A 12H00 - 13H00 A 18H00,09H00 A 12H00,cs135.quito@hotmail.com
-0.1891648,-78.4829781,NORTE,PICHINCHA,QUITO,CRESS,QUITO_SHYRIS,NORTE,AV. DE LOS SHYRIS 32-15 Y AV. ELOY ALFARO,0996436708,MARIA SOLEDAD OVIEDO CARGUACUNDO,NO,-,09H00A13H30 -14H30 A18H00,09HOO A 12H00,csshyris.quito@hotmail.com
-0.2687282,-78.5384844,NORTE,PICHINCHA,QUITO,CRESS,QUITO_SOLANDA,SUR,BENANCIO ESTANDOQUE S19-183 Y SALVADOR BRAVO,0984746381,MARIA SOLEDAD OVIEDO CARGUACUNDO,SI,14H00,09H00 A 13H00 - 14H00 A 18H00,09H00 A 13H00,cssolanda.quito@hotmail.com
-0.13865,-78.470186,NORTE,PICHINCHA,QUITO,DIRECTO,QUITO_SOLCA,NORTE,AV.ELOY ALFARO N52-235 Y CAP.RAMON BORJA,02-3732000 EXT 2316,PABLO ARTURO AILLON CERVANTE,SI,13H00,08H30 A 18H30,09H00 A 13H00,cssolca.quito@servientrega.com.ec
-0.179533,-78.438906,NORTE,PICHINCHA,QUITO,CRESS,QUITO_TANDA,NORESTE,AV. PRINCIPAL OE1-106 Y CALLE SN,0994705561/0959670382,MARIA SOLEDAD OVIEDO CARGUACUNDO,SI,14H00,09H00 A 13H00 - 14H00 A 18H00,NO LABORA,CSTANDA.QUITO@HOTMAIL.COM
-0.3026422,-78.5530089,NORTE,PICHINCHA,QUITO,CRESS,QUITO_TERRANOVA,SUR,GUAYANAY NAN OE3-152 Y OE3E,0962136588,MARIA SOLEDAD OVIEDO CARGUACUNDO,NO,-,09H00 A 13H00 - 14H00 A 18H00,09H00 A 13H00,csterranova.quito@hotmail.com
-0.1877885,-78.4799678,NORTE,PICHINCHA,QUITO,DIRECTO,QUITO_TRIBUNAL,NORTE,AV. 6 DIC. 3581 Y ELOY ALFARO,02-3732000 EXT 2302,PABLO ARTURO AILLON CERVANTE,SI,12H00,08H00 A 18H00,NO LABORA,cstribunal.quito@servientrega.com.ec
-0.1302766,-78.4814971,NORTE,PICHINCHA,QUITO,DIRECTO,QUITO_TUFINO,NORTE,AV. 10 DE AGOSTO N58-10 Y LUIS TUFINO,023732000 Ext 2366,PABLO ARTURO AILLON CERVANTE,SI,11H00,08H00 A 13H00 Y 14H00 A 18H00,NO LABORA,cstufino.quito@servientrega.com.ec
-0.1190662,-78.4999639,NORTE,PICHINCHA,QUITO,CRESS,QUITO_TULIPANES,NORTE,JOSE FIGUEROA OE6-90 Y FRANCISCO PACHECO,0984702954/0987381159,MARIA SOLEDAD OVIEDO CARGUACUNDO,SI,14H00,09H00 A 14H00-15HOO A 20HOO,-,cstulipanes.quito@hotmail.com
-0.2145128,-78.4043159,NORTE,PICHINCHA,QUITO,CRESS,QUITO_TUMBACO,NORESTE,GONZALO PIZARRO C-229 Y GONZALO DE VERA,02-2370129/0984995614,MARIA SOLEDAD OVIEDO CARGUACUNDO,SI,11H30,08H00 A 17H00,09H00 A 12H00,servientregaquito25@hotmail.com
-0.2752511,-78.5406816,NORTE,PICHINCHA,QUITO,DIRECTO,QUITO_TURUBAMBA,SUR,TNTE. HUGO ORTIZ S 25-42 Y AV. SOLANDA,02-3732000 EXT 2338,PABLO ARTURO AILLON CERVANTE,SI,14H00,08H30 A 18H30,NO LABORA,csturubamba.quito@servientrega.com.ec
-0.0927606,-78.4612557,NORTE,PICHINCHA,QUITO,DIRECTO,QUITO_URABA,NORTE,JAVIER ESPINOSA E8-58 Y CALLE 2,02-3732000 EXT 2362,PABLO ARTURO AILLON CERVANTE,SI,14H00,08H00 A 13H00 - 14H00 A 18H00,NO LABORA,csuraba.quito@servientrega.com.ec
-0.185452,-78.493697,NORTE,PICHINCHA,QUITO,CRESS,QUITO_UTE 1,NORTE,AV. ATAHUALPA OE3-13 Y HERNANDO CRUZ,0968778402,MARIA SOLEDAD OVIEDO CARGUACUNDO,SI,11H00,09H00 A 18H30,NO LABORA,cs118.quito@hotmail.com
-0.202481,-78.500249,NORTE,PICHINCHA,QUITO,CRESS,QUITO_VERSALLES,CENTRO NORTE,SAN GREGORIO OE3-28 Y VERSALLES,0992506443,MARIA SOLEDAD OVIEDO CARGUACUNDO,SI,14H00,09H00 A 13H00 - 14H00 A 18H30,09H00 A 12H30,servientrega.quito87@hotmail.com
-0.294845,-78.451873,NORTE,PICHINCHA,QUITO,CRESS,QUITO_VIA AL TINGO,NORTE,RIO TIPUTINI NO 31 Y RIO CURARAY,0998556677,MARIA SOLEDAD OVIEDO CARGUACUNDO,SI,14H00,09H00 A 18H00,09H00 A 12H00,quito_viaaltingo@hotmail.com
-0.246715,-78.519651,NORTE,PICHINCHA,QUITO,DIRECTO,QUITO_VILLAFLORA,SUR,AV.MALDONADO S9-271 Y ALONSO DE ANGULO,02-3732000 EXT 2334,PABLO ARTURO AILLON CERVANTE,SI,12H30,08H00 A 18H00,09H00 A 13H00,csvillaflora.quito@servientrega.com.ec
-0.162537,-78.316273,NORTE,PICHINCHA,QUITO,CRESS,QUITO_YARUQUI,SURESTE,ELOY ALFARO 355 Y LINEA FERREA,02-2777410/0984826871,MARIA SOLEDAD OVIEDO CARGUACUNDO,SI,12H00,08H00 A 18H30,09H00 A 13H00,servientrega.quito83@hotmail.com
-0.07987,-78.4140432,NORTE,PICHINCHA,QUITO,CRESS,QUITO_ZABALA,NORTE,DE LOS ARRIEROS N7-56 Y GEOVANNY CALLES,0984562931,MARIA SOLEDAD OVIEDO CARGUACUNDO,SI,14h00,09H00 A 13H00 - 14H00 A 18H00,09H00 A 13H00,cszabala.quito@hotmail.com
-0.1997839,-78.4873718,NORTE,PICHINCHA,QUITO,DIRECTO,QUITO_LA NIÑA,CENTRO NORTE,DIEGO DE ALMAGRO N26-11 Y LA NIA,02-3732000 EXT 2349,PABLO ARTURO AILLON CERVANTE,SI,12H00,08H00 A 13H00 Y 14H00 A 18H00,NO LABORA,cslanina.quito@servientrega.com.ec
1.067366,-79.415241,NORTE,ESMERALDAS,RIO VERDE,CRESS,RIO VERDE_PRINCIPAL,NORTE,PROGRESO N35 SL 4 Y 10 DE AGOSTO,0995104581,VELASCO BAILON NANCY ELIZABETH,SI,12H00,08H00 A 13H00 - 14H00 A 18H00,09H00 A 14H00,csprincipal.rioverde@hotmail.com
-1.6709432,-78.6394513,NORTE,CHIMBORAZO,RIOBAMBA,CRESS,RIOBAMBA_BELLAVISTA,CENTRO,LOJA ENTRE PEDRO BEDON Y LUZ ELISA BORJA,0983589863,CHRISTIAN EDUARDO BARONA RAMIREZ,NO,14H00,09H00 A 13H00 - 14H00 A 18H00,09H00 A 13H00,csbellavista.riobamba@homail.com
-1.638919,-78.679349,NORTE,CHIMBORAZO,RIOBAMBA,DIRECTO,RIOBAMBA_CENTRO LOGISTICO,NORTE,PANAMERICA NORTE S/N Y CONDOR MIRADOR,03 3732000 Ext 3318,CHRISTIAN EDUARDO BARONA RAMIREZ,SI,09H00,08H00 A 13H00 Y 15H00 A 18H00,08H00 A 13H00,cscentrologistico.riobamba@servientrega.com.ec
-1.6695883,-78.6524638,NORTE,CHIMBORAZO,RIOBAMBA,CRESS,RIOBAMBA_FATIMAS,CENTRO,MAGDALENA DAVALOS N 23 42 VELOZ,03-2946131/0983199699,CHRISTIAN EDUARDO BARONA RAMIREZ,SI,11H00,09H00 A 18H00,09H00 A 13H00,cs11.riobamba@hotmail.com
-1.646769,-78.6821,NORTE,CHIMBORAZO,RIOBAMBA,CRESS,RIOBAMBA_LA CAMPANA,SUR,AV. MONS. LEONIDAS PROAÑO S/N Y CANONIGO RAMOS,0967835680,CHRISTIAN EDUARDO BARONA RAMIREZ,SI,11H00,08H00 A 18H00,08H00 A 13H00,cslacampana.riobamba@hotmail.com
-1.671814,-78.64895,NORTE,CHIMBORAZO,RIOBAMBA,DIRECTO,RIOBAMBA_LA CONCEPCION,CENTRO,COLON 24-28 Y VELOZ,03-3732000 EXT 3317,CHRISTIAN EDUARDO BARONA RAMIREZ,SI,10H00,08H00 A 13H00 Y 15H00 A 18H00,NO LABORA,cslaconcepcion.riobamba@servientrega.com.ec
-1.6782487,-78.6425313,NORTE,CHIMBORAZO,RIOBAMBA,CRESS,RIOBAMBA_LA DOLOROSA,NORTE,PRIMERA CONSTITUYENTE 1060 Y CUBA,03-2964310 // 0979885013,CHRISTIAN EDUARDO BARONA RAMIREZ,SI,11H00,08H00 A 18H30,08H00 A 14H00,csladolorosa.riobamba@hotmail.com
-1.661691,-78.638351,NORTE,CHIMBORAZO,RIOBAMBA,CRESS,RIOBAMBA_LA VASIJA,NORTE,AV EDELBERTO BONILLA OLEAS S/N Y JUAN LARREA,0983284932,CHRISTIAN EDUARDO BARONA RAMIREZ,NO,14H00,09H00 A 13H00 - 14H00 A 18H00,09H00 A 13H00,lavasijariobamba@gmail.com
-1.6617995,-78.6383777,NORTE,CHIMBORAZO,RIOBAMBA,CRESS,RIOBAMBA_LA VASIJA 1,NORTE,ALFONSO CHAVEZ S/N Y ANTENA,0983284932,CHRISTIAN EDUARDO BARONA RAMIREZ,SI,14H00,09H00 A 13H00 - 14H00 A 18H00,09H00 A 13H00,lavasijariobamba@gmail.com
-1.665419,-78.656075,NORTE,CHIMBORAZO,RIOBAMBA,DIRECTO,RIOBAMBA_LOS PINOS,CENTRO,CALLE VELOZ Y BRASIL,03-3732000 EXT 3316,CHRISTIAN EDUARDO BARONA RAMIREZ,SI,09H30,08H00 A 13H00 - 15H00 A 18H00,NO LABORA,cslospinos.riobamba@servientrega.com.ec
-1.684085,-78.633203,NORTE,CHIMBORAZO,RIOBAMBA,DIRECTO,RIOBAMBA_MAYORISTA,SUROESTE,AV. CINCUNVALACION Y CARACAS,03-3732000 EXT 3314,CHRISTIAN EDUARDO BARONA RAMIREZ,SI,11H00,08H00 A 13H00 - 15H00 A 18H00,NO LABORA,csmayorista.riobamba@servientrega.com.ec
-1.658953,-78.646618,NORTE,CHIMBORAZO,RIOBAMBA,CRESS,RIOBAMBA_PASEO SHOPPING 1,NORTE,ANTONIO JOSE DE SUCRE Y JERONIMO CARRION,0999705910,CHRISTIAN EDUARDO BARONA RAMIREZ,SI,11H00,08H00 A 13H00 - 15H00 A 18H00,09H00 A 13H00,cspaseoshopping1.riobamba@hotmail.com
-1.6600118,-78.6819566,NORTE,CHIMBORAZO,RIOBAMBA,DIRECTO,RIOBAMBA_POLITECNICA,SUR,AV. PEDRO VICENTE MALDONADO S/N Y JOSE PERALTA,033732000 ext 3323,CHRISTIAN EDUARDO BARONA RAMIREZ,SI,11H00,08H00 A 13H00 Y 15H00 A 18H00,NO LABORA,cspolitecnica.riobamba@servientrega.com.ec
-1.6742383,-78.653865,NORTE,CHIMBORAZO,RIOBAMBA,CRESS,RIOBAMBA_SANTA ROSA 1,CENTRO,GARCIA MORENO 16-62 Y COLOMBIA,0992469474,CHRISTIAN EDUARDO BARONA RAMIREZ,SI,10H30,08H30 A 13H00 - 14H00 A 18H00,09H00 A 13H00,cssantarosa.riobamba@hotmail.com
-1.661564,-78.663243,NORTE,CHIMBORAZO,RIOBAMBA,DIRECTO,RIOBAMBA_TERMINAL,NORTE,CANONIGO RAMOS LOTE 8 Y AV DE LA PRENSA,3732000 EXT 3315,CHRISTIAN EDUARDO BARONA RAMIREZ,SI,11h00,08H00 A 18H00,08H00 A 13H00,csterminal.riobamba@servientrega.com.ec
-1.6906563,-78.6439856,NORTE,CHIMBORAZO,RIOBAMBA,CONCESION,RIOBAMBA_VIA A SAN LUIS,NORTE,LITUANIA S/N Y AV. JUAN FELIX PROANO,0998965242,CHRISTIAN EDUARDO BARONA RAMIREZ,SI,10H00,08H00 A 13H00 - 15H00 A 18H00,08H30 A 12H00,csviaasanluis.riobamba@hotmail.com
-2.182443,-79.517838,SUR,GUAYAS,ROBERTO ASTUDILLO,CRESS,ROBERTO ASTUDILLO_AV VELASCO IBARRA,NORTE,AV VELASCO IBARRA Y CALLE LOS RIOS,0992068865,LUIS FIERRO FARINO,SI,10H00,08H30 A 17H00,08H30 A 13H00,csvelascoibarra.robertoastudi@gmail.com
-0.917831,-80.442896,SUR,MANABI,ROCAFUERTE,CONCESION,ROCAFUERTE_AV. DON BOSCO,CENTRO,AV. DON BOSCO Y BOLIVAR,05-2644315,TANIA YESENIA GARCIA LUNA,SI,10H30,08:30 A 16:30,09:00 a 13:00,csavdonbosco.rocafuerte@gmail.com
-1.042366,-78.58814,NORTE,COTOPAXI,SALCEDO,CONCESION,SALCEDO_PRINCIPAL,CENTRO,VICENTE LEON 184 Y ANA PAREDES,03-2728581 / 0984415798,HURTADO LEMA SEGUNDO BYRON,SI,09H00,09H00 A 13H00 Y 15H00 A 19H00,09H00 A 12H30,servientrega.salcedo@hotmail.com
-2.204278,-80.975889,SUR,SANTA ELENA,SALINAS (SANTA ELENA),CRESS,SALINAS (SANTA ELENA)_LAS PALMERAS,OESTE,GRAL. ALBERTO ENRIQUEZ GALLO EDIF PLAYA DORADA DIAGONAL A CEVICHERIA LOJANITA,0997624505,OMAR CRISTOBAL MACIAS MAYOR,SI,16H00,08H00 A 18H00,09H00 A 13H00,csgeneralenriquez.salinas@gmail.com
-2.21247,-80.953502,SUR,SANTA ELENA,SALINAS (SANTA ELENA),CRESS,SALINAS (SANTA ELENA)_SAN JOSE,OESTE,AV CARLOS ESPINOZA LARREA Y SAN JOSÉ EDIFICIO GAMMA 5 LOCAL 5 JUNTO AL COLEGIO RUBIRA,09-98562487,OMAR CRISTOBAL MACIAS MAYOR,SI,16H00,09H00 A 12H30 - 13H00 A 18H00,09H00 A 14H00,cssanjose.salinas@gmail.com
-1.827976,-79.816311,SUR,GUAYAS,SALITRE,CONCESION,SALITRE_SIMON BOLIVAR,CENTRO,SIMON BOLIVAR Y JUAN MONTALVO,04-4699038,LOPEZ FUENTES BRYAN PAUL,SI,12H00,08:00 a 17:00,08:00 a 13:00,cssimonbolivar.salitre@gmail.com
-1.962678,-79.723765,SUR,GUAYAS,SAMBORONDON,CONCESION,SAMBORONDON_CALLE BOLIVAR,CENTRO,CALLE BOLIVAR S/N Y SUCRE MZ 7 SL 2 JTO A AGRIPAC,0981015517,LOPEZ FUENTES BRYAN PAUL,SI,11H00,10H00 A 16H00,10H00 A 13H00,cscallebolivar.samborondon@gmail.com
-2.037787,-79.848694,SUR,GUAYAS,SAMBORONDON,CRESS,SAMBORONDON_CC ALMAX,SUR,CALLE S/N Y AV MIGUEL YUNEZ ZAGIA CC ALMAX CENTER LOCAL 215 A 800 MTS DE PRIMAX ALMAX,0967669247,BETANCOURT HOYOS ISABEL CRISTINA,NO,13H00,08H00 A 12H30 - 14H00 A 17H30,09H00 A 13H00,csccalmax.samborondon@gmail.com
-2.07367,-79.84669,SUR,GUAYAS,SAMBORONDON,DIRECTO,SAMBORONDON_CIUDAD CELESTE,NORTE,SECTOR LA RIA LOTE SL E URB. CIUDAD CELESTE,04-3732000 EXT 4348,CABRERA MACIAS JOSE LUIS,SI,12H30,09H30 A 18H30,09H00 A 13H00,csciudadceleste.samborondon@servientrega.com.ec
-2.1302918,-79.8651108,SUR,GUAYAS,SAMBORONDON,CRESS,SAMBORONDON_KM 2.5 CALLE LA MODERNA,SUR,KM 2.5 VIA SAMBORONDON - CALLE LA MODERNA Y DIANA QUINTANA - SCTR TORNERO III A LADO DE LAS COSTILLAS DE SAMBO,0990471798,CABRERA MACIAS JOSE LUIS,SI,12H00,08H00 - 18H00,09H00 - 14H00,cskm2.5.samborondon@gmail.com
-2.1478836,-79.8650797,SUR,GUAYAS,SAMBORONDON,CRESS,SAMBORONDON_LA PUNTILLA,-,URB. ENTRE RIOS AV. 1ERA MZ. W SOLAR 19-20,093 924 0172,CABRERA MACIAS JOSE LUIS,SI,10H30,10H30 A 12H00 - 13H00 A 19H00,NO LABORA,cslapuntilla.samborondon@gmail.com
-2.14387,-79.86325,SUR,GUAYAS,SAMBORONDON,DIRECTO,SAMBORONDON_PIAZZA LA PUNTILLA,NORTE,CDLA. PREDIO GRANJA CANITAS C.C PIAZZA LOCAL 11B,04-3732000 EXT 4349,CABRERA MACIAS JOSE LUIS,SI,11H00,09H00 A 19H30,09H00 A 13H00,cspiazzalapuntilla.samborondon@servientrega.com.ec
0.3373623,-78.1684705,NORTE,IMBABURA,SAN ANTONIO DE IBARRA,DIRECTO,SAN ANTONIO DE IBARRA_PRINCIPAL,CENTRO,27 DE NOVIEMBRE 242,06-3732000 EXT 6315,ANDRADE GUERRERO JAIME ERNESTO,SI,11H00,08H00 A 17H00,NO LABORA,csprincipal.sanantoniodeibarra@servientrega.com.ec
-1.023243,-79.460792,SUR,LOS RIOS,SAN CAMILO,CRESS,SAN CAMILO_MEXICO,NORTE,MEXICO 111 Y JUAN MONTALVO,05-2752519,CEDENO MAZAMBA HECTOR JAVIER,SI,10H00,07H30 A 18H00,08:00 A 18:00,csavmexico.sancamilo@gmail.com
-2.90628,-79.70711,SUR,GUAYAS,SAN CARLOS (BALAO),CONCESION,SAN CARLOS (BALAO)_SAN CARLOS,CENTRO,AV. 15 S/N Y CALLEJON D FRENTE A SUPERMERCADO PAÑORA SAN CARLOS,0990391845,RAMIREZ GONZALEZ JUAN CARLOS,SI,10H00,08H00 A 18H00,08H00 A 13H00,cssancarlos.balao@gmail.com
-0.9014405,-89.6061759,NORTE,GALAPAGOS,SAN CRISTOBAL,DIRECTO,SAN CRISTOBAL_PRINCIPAL,CENTRO,AV. LOJA Y CALLE 3RA,05-2520681,PABLO ARTURO AILLON CERVANTE,SI,11h00,08H00 A 10H00 - 14H00 A 18H00,09H00 A 11H00,csprincipal.sancristobal@servientrega.com.ec
0.592282,-77.830954,NORTE,CARCHI,SAN GABRIEL,CONCESION,SAN GABRIEL_CENTRO,CENTRO,BOLIVAR S/N Y AV. 13 DE ABRIL,062270054 - 0986076645,ROSERO ORBE HUGO GERMAN,SI,09H00,08H00 A 13H00 - 14H30 A 18H30,09H00 A 13H00,servientrega.sangabriel_centro@outlook.com
-0.3800674,-80.1860489,SUR,MANABI,SAN ISIDRO (BAHIA),CONCESION,SAN ISIDRO (BAHIA)_AV. 10 DE AGOSTO,SUR,AV 10 DE AGOSTO Y VALENTIN ALCIVAR FRENTE AL PARQUE SAN ISIDRO,0994428286,TANIA YESENIA GARCIA LUNA,SI,10H00,09H00 A 13H00 - 14H00 A 17H00,09H00 A 13H00,av10deagostosanisidro@gmail.com
-1.95587,-79.235785,SUR,LOS RIOS,SAN JOSE DEL TAMBO,CONCESION,SAN JOSE DEL TAMBO_PRINCIPAL,CENTRO,CALLE ARTURO MONTERO Y RUPERTO BENAVIDES JUNTO AL COMERCIAL D RICHARD,0961043113,ESPIN OVIEDO JOSE EUCLIDES,SI,14H00,09H00 A 17H00,10H00 A 15H00,CS.SANJOSEDELTAMBO@GMAIL.COM
-1.624858,-79.561626,SUR,LOS RIOS,SAN JUAN,CONCESION,SAN JUAN_LEON DE FEBRES CORDERO,CENTRO,CALLE LEON FEBRES CORDERO S/N Y 6 DE OCTUBRE REF JUNTO A LAS OFICINAS DE MAXITEL,0993124520,ESPIN OVIEDO JOSE EUCLIDES,SI,11H00,08H30 A 12H30 - 13H30 A 16H30,10H00 A 14H00,CSLEONDEFEBRESCORDERO.SANJUAN@GMAIL.COM
1.281789,-78.830117,NORTE,ESMERALDAS,SAN LORENZO,CRESS,SAN LORENZO_PADRE LINO,CENTRO,AV PADRE LINO CAMPES SL16 Y ANGELA PAREDES,0981302030,VELASCO BAILON NANCY ELIZABETH,SI,14h00,08H00 A 14H00 - 15H00 A 17H00,12H00 A 16H00,servientrega.sanlorenzo2@hotmail.com
-1.2334555,-79.240083,SUR,BOLIVAR,SAN LUIS DE PAMBIL,CRESS,SAN LUIS DE PAMBIL_CALLE LUIS VASCONEZ,CENTRO,CALLE LUIS VASCONEZ Y PADRE ANGEL LEON DIAGONAL AL PARQUE CENTRAL,0985512760,CEDENO MAZAMBA HECTOR JAVIER,SI,13H00,08H30 A 12H00 - 13H30 A 17H00,09H00 A 14H00,cs.calleluisvasconez.pambil@gmail.com
-1.707052,-79.042607,NORTE,BOLIVAR,SAN MIGUEL DE BOLIVAR,CONCESION,SAN MIGUEL DE BOLIVAR_CNEL,CENTRO,AV. VENTIMILLA S/N ENTRE BOLIVAR CONSUELO LOZADA Y OLMEDO,0999939500,BYRON FABIAN MORA SANTOS,SI,12h00,08H00 A 17H00,08H00 A 12H00,cscnel.sanmigueldebolivar@gmail.com
-2.144161,-80.7743640,SUR,SANTA ELENA,SAN PABLO (SANTA ELENA),CRESS,SAN PABLO (SANTA ELENA)_PRINCIPAL,NORTE,"CALLE PRINCIPAL RUTA SPONDYLUS ENTRADA DE SAN PABLO, BAJANDO EL PUENTE (BARRIO 1 DE JUNIO)",0999591569,OMAR CRISTOBAL MACIAS MAYOR,SI,12H00,09H00 A 18H00,09H00 A 13H00,CSCALLEPRINCIPAL.SANPABLO@GMAIL.COM
-1.194817,-8.072689,SUR,SANTA ELENA,SAN PEDRO,CRESS,SAN PEDRO_COMUNA SAN PEDRO,OESTE,AV ROSA GUERRERO S/N Y CALLE CJON. W FRENTE A LA ESCUELA JULIO REYES GONZALEZ,0989836025,OMAR CRISTOBAL MACIAS MAYOR,SI,13H00,09H00 A 17H30,09H00 A 13H00,cscomunasanpedro.lalibertad@gmail.com
-1.061675,-80.245623,SUR,MANABI,SAN PLACIDO,CRESS,SAN PLACIDO_PRINCIPAL,CENTRO,1 DE DICIEMBRE Y OLIVIA MIRANDA DIAGONAL AL PARQUE SAN PLACIDO,0991995157,TANIA YESENIA GARCIA LUNA,SI,12H00,09H00 A 12H00 - 13H00 A 17H00,08H00 A 12H00,csprincipal.sanplacido@gmail.com
-0.596856,-80.408558,SUR,MANABI,SAN VICENTE,CRESS,SAN VICENTE_MALECON LEONIDAS,CENTRO,MALECON LEONIDAS VEGA Y LOS PERALES,05-2674910 098-0518138,TANIA YESENIA GARCIA LUNA,SI,15H00,09:00 A 13:00 - 14:00 A 17:30,09:00 A 13:00,csmaleconleonida.sanvicente@gmail.com
-0.3455144,-78.4549007,NORTE,PICHINCHA,SANGOLQUI,DIRECTO,SANGOLQUI_DANEC,SUR,AV. GENERAL RUMIAHUI S/N Y VIA AMAGUANA,02-3732000 Ext 2352,PABLO ARTURO AILLON CERVANTE,SI,12h00,08H00 A 13H30 Y 14H30 A 18H00,09H00 A 13H00,csdanec.sangolqui@servientrega.com.ec
-0.3174905,-78.4422032,NORTE,PICHINCHA,SANGOLQUI,CRESS,SANGOLQUI_ESPE,SURESTE,GUAYAS LT2 Y NAPO LC2,0983486475,MARIA SOLEDAD OVIEDO CARGUACUNDO,SI,14H00,08H30 A13H00- 14HOO A 18H00,-,cs6sangolqui@hotmail.com
-0.3322919,-78.4654024,NORTE,PICHINCHA,SANGOLQUI,CRESS,SANGOLQUI_FAJARDO,SURESTE,MARIANA DE JESUS S/N,0980842033,MARIA SOLEDAD OVIEDO CARGUACUNDO,SI,14HOO,10H30 A 18H00,-,csfajardo.sangolqui@hotmail.com
-0.3095749,-78.4530298,NORTE,PICHINCHA,SANGOLQUI,CRESS,SANGOLQUI_MONUMENTO A LA SED,NORTE,AVELINA LASSO 1-18 Y ALFREDO DAVILA,24517368/0988713225,MARIA SOLEDAD OVIEDO CARGUACUNDO,SI,14H00,09H00 A 18H00,09H00 A 13H00,cssangolqui.monumentosed@hotmail.com
-0.3347237,-78.4430378,NORTE,PICHINCHA,SANGOLQUI,CRESS,SANGOLQUI_RUMINAHUI,SURESTE,AV. ATAHUALPA Y SOPOZOPANGUI,09-84835258,MARIA SOLEDAD OVIEDO CARGUACUNDO,SI,14HOO,09H00 A 13H00 - 14H00 A 18H00,09H00 A 13H00,servientrega.sangolqui2@hotmail.com
-0.343777,-78.431188,NORTE,PICHINCHA,SANGOLQUI,CRESS,SANGOLQUI_SELVA ALEGRE,SURESTE,AV. FRANCISCO GUARDERAS S/N Y 22 DE MAYO,0992650760/0960766536,MARIA SOLEDAD OVIEDO CARGUACUNDO,SI,14HOO,09H00 A 18HOO,09HOO A 13H00,csselvaalegre.sangolqui@hotmail.com
-1.208535,-80.371905,SUR,MANABI,SANTA ANA (MANABI),CONCESION,SANTA ANA (MANABI)_FCO. DE P. MOREIRA,CENTRO,CALLE FRANCISCO DE PAULA MOREIRA S/N Y PIEDRAHITA REF ATRAS DEL TIA,0981954888,TANIA YESENIA GARCIA LUNA,SI,10H30,08H00 A 12H00 - 14H30 A 17H00,08H00 A 12H00,csavfcodepaulamoreira.santaana@gmail.com
-0.7423844,-90.3175657,NORTE,GALAPAGOS,SANTA CRUZ,DIRECTO,SANTA CRUZ_PRINCIPAL,CENTRO,BALTRA 181 E/ ESPANOLA Y GENOVESA,0995632678,PABLO ARTURO AILLON CERVANTE,SI,11h00,08H00 A 12H00 - 14H00 A 17H30,09H00 A 12H00,csprincipal.santacruz@servientrega.com.ec
-2.224574,-80.855497,SUR,SANTA ELENA,SANTA ELENA,CRESS,SANTA ELENA_CALLE COLONCHE,OESTE,CALLE COLONCHE ENTRE MANABÍ Y VIRGILIO DRUETH DIAGONAL A FARMACIA SANTA MARTHA,0995283865,OMAR CRISTOBAL MACIAS MAYOR,SI,10H00,08H00 A 17H30,08H00 A 13H00,cscallecolonche.lalibertad@gmail.com
-2.227326,-80.859191,SUR,SANTA ELENA,SANTA ELENA,CRESS,SANTA ELENA_COMERCIAL AGUILAR,CENTRO,GUAYAQUIL S/N Y 9 OCTUBRE,0939677156,OMAR CRISTOBAL MACIAS MAYOR,SI,16h00,09:00 A 20:30,10:00 A 14:00,cscomercialaguilar.santaelena@gmail.com
-3.273722,-79.314981,SUR,AZUAY,SANTA ISABEL,CONCESION,SANTA ISABEL_ABDON CALDERON,SUR,ABDON CALDERON Y SIMON BOLIVAR,07-2271272 - 0979595965,ROSA HERMELINDA QUITO SINCHI,SI,14H00,08:30 a 17:00,NO LABORA,csabdoncalderon.santaisabel@gmail.com
-1.7121770,-79.9845890,SUR,GUAYAS,SANTA LUCIA,CONCESION,SANTA LUCIA_AV 3 DE FEBRERO,CENTRO,AV 3 DE FEBRERO Y CARLOS ARCADIO JUNTO A PINTURAS GUILLO,0939619568,BETANCOURT HOYOS ISABEL CRISTINA,SI,13H30,08H00 A 12H00 - 13H00 A 17H00,08H00 A 14H00,CSAV3DEFEBRERO.SANTALUCIA@GMAIL.COM
-3.453292,-79.957205,SUR,EL ORO,SANTA ROSA (EL ORO),CRESS,SANTA ROSA (EL ORO)_24 DE MAYO,CENTRO,AV 24 DE MAYO Y ENRIQUE SUAREZ PIMENTEL,0939390630,RAMIREZ GONZALEZ JUAN CARLOS,SI,12H00,08H00 A 13H00 - 14H00 A 18H00,09H00 A 14H00,cs24demayo.santarosa@gmail.com
-3.4456,-79.9609,SUR,EL ORO,SANTA ROSA (EL ORO),CONCESION,SANTA ROSA (EL ORO)_30 DE AGOSTO,CENTRO,SUCRE Y 30 DE AGOSTO DIAGONAL AL BANCO DEL AUSTRO,07-3600220/0968524629,RAMIREZ GONZALEZ JUAN CARLOS,SI,11H30,09:00 A 13:00 - 14:00 A 17:00,09:00 a 13:00,cs30deagosto.santarosa@gmail.com
-0.264564,-79.177437,NORTE,SANTO DOMINGO,SANTO DOMINGO,CRESS,SANTO DOMINGO_ANILLO VIAL,NORTE,AV. ABRAHAM CALAZACON Y SANTA CRUZ DE LA SIERRA,0985960943,PANCHI VALENCIA MARTHA CECILIA,SI,11H00,09H00 A 13H00 - 14H00 A 18H00,09H00 A 12H00,csanillovial.santodomingo@hotmail.com
-0.254752,-79.194371,NORTE,SANTO DOMINGO,SANTO DOMINGO,DIRECTO,SANTO DOMINGO_AV. CHONE,CENTRO,AV. CHONE S/N Y AV. VICTOR ALFONSO LOPEZ (DIAGONAL A MICUCHITO),3732000,PANCHI VALENCIA MARTHA CECILIA,SI,10H00,08H00 A 18H00,08H00 A 13H00,csavchone.santodomingo@servientrega.com.ec
-0.2427570,-79.1716770,NORTE,SANTO DOMINGO,SANTO DOMINGO,CRESS,SANTO DOMINGO_AV. ESMERALDAS,ESTE,AV. ESMERALDAS S/N Y RIO ZAMORA,0991988965,PANCHI VALENCIA MARTHA CECILIA,SI,11H00,09H00 A 13H00 - 14H00 A 18H00,NO LABORA,csavesmeraldas.santodomingo@hotmail.com
-0.2519203,-79.1698777,NORTE,SANTO DOMINGO,SANTO DOMINGO,CRESS,SANTO DOMINGO_CENTRO,CENTRO,IBARRA SN Y GUAYAQUIL,0963911448,PANCHI VALENCIA MARTHA CECILIA,SI,10H00,09H00 A 13H00 - 14H00 A 18H00,09H00 A 12H00,santodomingo_centro@hotmail.com
-0.2846972,-79.2114843,NORTE,SANTO DOMINGO,SANTO DOMINGO,DIRECTO,SANTO DOMINGO_CENTRO LOGISTICO,NORTE,VIA QUEVEDO S/N Y AVENIDA 3 (JUNTO A LOS GIRASOLES),3732000,PANCHI VALENCIA MARTHA CECILIA,SI,08H30,08H00 A 13H00 - 15H00 A 18H00,08H00 A 13H00,cscil.santodomingo@servientrega.com.ec
-0.2536534,-79.1677413,NORTE,SANTO DOMINGO,SANTO DOMINGO,CRESS,SANTO DOMINGO_DHL,CENTRO,COCANIGUAS SN Y PASAJE ECUADOR,02 2760091,PANCHI VALENCIA MARTHA CECILIA,NO,-,08H30 A 17H00,09H00 A 12H00,veronica.armas@cislatam.com
-0.416750,-79.276433,NORTE,SANTO DOMINGO,SANTO DOMINGO,CRESS,SANTO DOMINGO_EL ESFUERZO,CENTRO,SAN VICENTE DE PAUL S/N Y 15 DE AGOSTO,0996530736 - 0982894671,PANCHI VALENCIA MARTHA CECILIA,SI,12H00,09H00 A 13H00 - 14H00 A 17H00,-,cselesfuerzo.santodomingo@hotmail.com
-0.254784,-79.179629,NORTE,SANTO DOMINGO,SANTO DOMINGO,DIRECTO,SANTO DOMINGO_INDIO COLORADO,CENTRO,AV.CHONE S/N Y CALLE ANTONIO ANTE,23732000,PANCHI VALENCIA MARTHA CECILIA,NO,10h00,08H00 A 11H00 - 13H00 A 18H00,08H00 A 13H00,csindiocolorado.santodomingo@servientrega.com.ec
-0.238055,-79.182816,NORTE,SANTO DOMINGO,SANTO DOMINGO,CRESS,SANTO DOMINGO_LOS COLONOS,NORTE,AV. ABRAHAM CALAZACON S/N Y PATRICIO ROMERO BY PASS CHONE,0999055501,PANCHI VALENCIA MARTHA CECILIA,SI,11H00,09H00 A 13H00 - 14H00 A 18H00,09H00 A 12H00,csloscolonos.santodomingo1@hotmail.com
-0.2392216,-79.1741331,NORTE,SANTO DOMINGO,SANTO DOMINGO,CRESS,SANTO DOMINGO_TERMINAL,NOROESTE,ABRAHAM CALAZACON 136 Y PASAJE I,0988774296,PANCHI VALENCIA MARTHA CECILIA,NO,-,08H00 A 17H30,NO LABORA,cs8.santodomingo@hotmail.com
-0.2485794,-79.1683761,NORTE,SANTO DOMINGO,SANTO DOMINGO,DIRECTO,SANTO DOMINGO_TSACHILA,NOROESTE,AV. TSACHILA 602 Y TARQUI,02-3732000 EXT 2345,PANCHI VALENCIA MARTHA CECILIA,SI,11H00,08H00 A 12H00 - 14H00 A 18H00,NO LABORA,cstsachila.santodomingo@servientrega.com.ec
-0.265799,-79.1920066,NORTE,SANTO DOMINGO,SANTO DOMINGO,CRESS,SANTO DOMINGO_VIA QUEVEDO,SUR,AV. QUEVEDO S/N Y DE LOS ATABASCOS,0959047202,PANCHI VALENCIA MARTHA CECILIA,SI,09H00,08H30 A 12H30 - 13H30 A 18H00,08H00 A 12H00,cssantodomingo.viaquevedo@hotmail.com
-0.2517716,-79.164438,NORTE,SANTO DOMINGO,SANTO DOMINGO,DIRECTO,SANTO DOMINGO_VIA QUITO,CENTRO,RIO CHIMBO S/N Y AV. QUITO,3732000 EXT 2344,PANCHI VALENCIA MARTHA CECILIA,SI,11H00,08H00 A 18H00,NO LABORA,csviaquito.santodomingo@servientrega.com.ec
-0.8397091,-78.6669941,NORTE,COTOPAXI,SAQUISILI,CONCESION,SAQUISILI_PRINCIPAL,CENTRO,BARRENO SN Y BOLIVAR,03-2722166 / 0983342942,HURTADO LEMA SEGUNDO BYRON,SI,-,08H00 A 17H00,08H00 A 12H00,saquisili_principal@hotmail.com
-3.6253,-79.2411,SUR,LOJA,SARAGURO,CRESS,SARAGURO_10 DE MARZO,SUR,10 DE MARZO Y AZUAY DIAGONAL FRENTE A LA NOTARIA PRIMERA DE SARAGURO,0991625610,SIERRA HIDALGO CRISTIAN PATRICIO,SI,15H00,09H00 A 12H00 - 13H00 A 17H00,09H00 A 13H00,cs.10demarzo.loja@gmail.com
-2.8010059,-78.6578618,SUR,AZUAY,SEVILLA DE ORO,CRESS,SEVILLA DE ORO_AV 10 DE AGOSTO,CENTRO,AV 10 DE AGOSTO Y AZUAY DIAGONAL AL MUNICIPIO,0992060265,ROSA HERMELINDA QUITO SINCHI,SI,13H00,08H30 A 17H30,08H30 A 17H30,cs.10deagosto.sevilladeoro@gmail.com
-0.1880768,-76.6455884,NORTE,SUCUMBIOS,SHUSHUFINDI,CONCESION,SHUSHUFINDI_PRINCIPAL,CENTRO,AV. UNIDAD NACIONAL Y NAPO,0986994745 / 0989520049,MANYA CUJI MARCO ANTONIO,SI,10H00,08H00 A 17H00,08H00 A 13H00,servientrega.shushufindi@hotmail.com
-0.705575,-78.890114,NORTE,COTOPAXI,SIGCHOS,CRESS,SIGCHOS_PRINCIPAL,CENTRO,GENERAL RUMINAHUI S/N ENTRE TUNGURAHUA Y GUAYAQUIL,0982095903,HURTADO LEMA SEGUNDO BYRON,SI,14H00,08H00 A 17H00,08H00 A 13H00,csprincipal.sigchos@hotmail.com
-3.04481,-78.79364,SUR,AZUAY,SIGSIG,CONCESION,SIGSIG_MARIA AUXILIADORA,NORTE,AV. MARIA AUXILIADORA S/N A UNA CUADRA DEL TERMINAL TERRESTRE,072267561- 0986420348,ROSA HERMELINDA QUITO SINCHI,SI,10H30,09H00 A 13H00 - 14H00 A 17H00,09H00 A 12H30,csmariaauxiliadora.sigsig@gmail.com
-2.0036440,-79.4847630,SUR,GUAYAS,SIMON BOLIVAR,CONCESION,SIMON BOLIVAR_AV. NACIONES UNIDAS,NORTE,AV NACIONES UNIDAS S/N PICHINCHA,0939860391,LUIS FIERRO FARINO,SI,11H00,09H00 A 17H00,10H00 A 15H00,csavnacionesunidas.simonbolivar@gmail.com
-4.328912,-79.791481,SUR,LOJA,SOZORANGA,CRESS,SOZORANGA_FELICISIMO SAMANIEGO,SUR,FELICISIMO SAMANIEGO Y VIA NUEVA FATIMA,0985395600,SIERRA HIDALGO CRISTIAN PATRICIO,SI,10H00,09H00 A 12H00 - 14H00 A 17H00,09H00 A 13H00,csfelicisimo.sozoranga@gmail.com
-2.454651,-78.172573,NORTE,MORONA SANTIAGO,SUCUA,CONCESION,SUCUA_PRINCIPAL,CENTRO,AV. DOMINGO COMIN S/N Y EFREN ZUIGA,07-2740275,ANDRES FELIPE RIOS GARCIA,SI,11h00,08H00 A 18H00,08H30 A 12H30,servientrega.sucua@hotmail.com
-2.43692,-79.05136,SUR,CANAR,SUSCAL,CONCESION,SUSCAL_ALFONSO TERAN,SUR,CALLE ALFONSO TERAN S/N Y JUAN JARAMILLO REF FRENTE AL PARQUE CENTRAL DIAG A LA IGLESIA CATOLICA SAN JACINTO,0999745815,ROSA HERMELINDA QUITO SINCHI,SI,13H00,09H00 A 16H00,09H00 A 14H00,csalfonsoteran.suscal@gmail.com
0.0473186,-78.2107219,NORTE,PICHINCHA,TABACUNDO,CONCESION,TABACUNDO_PRINCIPAL,NORTE,PEDRO MONCAYO VELASCO IBARRA 04-03-13,02-2366426 / 0994555227,MARIA SOLEDAD OVIEDO CARGUACUNDO,SI,11H30,09H00 A 13H00 - 14H00 A 17H30,09H00 A 12H00,servientrega.tabacundo@hotmail.com
-0.4047593,-78.5443386,NORTE,PICHINCHA,TAMBILLO,CONCESION,TAMBILLO_PRINCIPAL,CENTRO,GARCIA MORENO Y ELOY ALFARO,0959508758,MARIA SOLEDAD OVIEDO CARGUACUNDO,SI,11h00,09H00 A 13H00 - 13H30 A 18H45,09H00 A 13H00,csprincipal.tambillo1@hotmail.com
-2.3028,-78.55312,SUR,CANAR,TAMBO,CRESS,TAMBO_CALLE ALFREDO BAQUERIZO,CENTRO,CALLE ALFREDO BAQUERIZO MORENO N1 Y PANAMERICANA REF A 3 CUADRAS DEL MERCADO CENTRAL,0968533096,ROSA HERMELINDA QUITO SINCHI,SI,15H00,09H00 A 12H00 - 13H00 A 16H00,NO LABORA,csalfredobaquerizomoreno.tambo@gmail.com
-0.126112,-76.343329,NORTE,SUCUMBIOS,TARAPOA,CONCESION,TARAPOA_PRINCIPAL,CENTRO,CALLE PRINCIPAL S/N Y 8 DE AGOSTO,062360121 - 0982307740,MANYA CUJI MARCO ANTONIO,SI,14H00,08H00 A 18H00,08H00 A 18H00,csprincipaltarapoa@hotmail.com
-1.0008718,-77.8142903,NORTE,NAPO,TENA,CONCESION,TENA_PRINCIPAL,CENTRO,AV PANO SN Y VICTOR HUGO SAN MIGUEL,06-2886027,TREJO BATIOJA ELIANA KATHERINE,SI,15H00,08H00 A 17H00,08H00 A 14H00,csprincipal.tena@hotmail.com
-2.99509,-79.78698,SUR,GUAYAS,TENGUEL,CRESS,TENGUEL_CALLE COMERCIAL,CENTRO,CALLE COMERCIAL S/N SUCRE,099 155 1964,RAMIREZ GONZALEZ JUAN CARLOS,SI,12H00,09H00 A 18H00,09H00 A 13H00,cscallecomercial.tenguel@gmail.com
-1.348974,-79.668376,NORTE,TUNGURAHUA,TISALEO,CRESS,TISALEO_CENTRO,CENTRO,CACIQUE TISALEO S/N Y ANTONIO CLAVIJO,0983759494,TREJO BATIOJA ELIANA KATHERINE,SI,14H00,09H00 A 13H00 - 14H00 A 18H00,09H00 A 13H00,cscentro.tisaleo@hotmail.com
0.828439,-79.945408,NORTE,ESMERALDAS,TONCHIGUE,CRESS,TONCHIGUE_CENTRO,CENTRO,CALLE PRIMERA SOLAR 10 PASAJE D MZ 41,0993408615,VELASCO BAILON NANCY ELIZABETH,SI,14H00,09H00 A 12H00 - 13H00 A 17H30,09H00 A 15H00,cscentro.tonchigue@hotmail.com
0.881065,-79.814208,NORTE,ESMERALDAS,TONSUPA,CRESS,TONSUPA_CENTRO,CENTRO,CALLE 6 MZ 179 SL 19 Y VIA A ATACAMES,0980569804,VELASCO BAILON NANCY ELIZABETH,SI,14H00,08H00 A 12H00 - 13H00 A 17H00,09H00 A 13H00,cscentro.tonsupa@hotmail.com
-0.785529,-80.23541,SUR,MANABI,TOSAGUA,CONCESION,TOSAGUA_CALLE 24 DE MAYO,CENTRO,CALLE 24 DE MAYO Y 9 DE OCT,05-2330782,TANIA YESENIA GARCIA LUNA,SI,11H00,08:30 a 12:30 - 14:00 a 18:00,NO LABORA,cscalle24demayo.tosagua@gmail.com
0.8160165,-77.7158504,NORTE,CARCHI,TULCAN,DIRECTO,TULCAN_ARELLANO,CENTRO,RAFAEL ARELLANO S/N Y ROBERTO SIERRA,3732000 ext 6317,ROSERO ORBE HUGO GERMAN,SI,10h00,08H00 A 13H00 - 14H00 A 18H00,09H00 A 13H00,csarellano.tulcan@servientrega.com.ec
0.826727,-77.702024,NORTE,CARCHI,TULCAN,DIRECTO,TULCAN_CENTRO LOGISTICO,NORTE,AV. 24 DE MAYO S/N Y LOS LAURELES,3232000 ext 6324,ROSERO ORBE HUGO GERMAN,SI,09H00,08H00 A 14H30 - 15H30 A 18H00,09H00 A 13H00,cscil.tulcan@servientrega.com.ec
0.8134535,-77.716787,NORTE,CARCHI,TULCAN,DIRECTO,TULCAN_JUNIN,CENTRO,JUNIN 6055 Y BOLIVAR,06-3732000 EXT 6316,ROSERO ORBE HUGO GERMAN,SI,10H00,08H00 A 13H00 - 14H30 A 18H00,NO LABORA,csjunin.tulcan@servientrega.com.ec
0.805725,-77.726746,NORTE,CARCHI,TULCAN,CRESS,TULCAN_TERMINAL 1,SUR,RAFAEL ARELLANO S/N Y GENERAL GALO PLAZA,062960314 - 0979277769,ROSERO ORBE HUGO GERMAN,SI,-,08H00 A 12H00 - 14H00 A 18H00,08H00 A 13H00,cs6.tulcan@hotmail.com
0.798539,-77.733511,NORTE,CARCHI,TULCAN,CRESS,TULCAN_VEINTIMILLA,SUR,AV. VEINTIMILLA S/N Y PADRE JUAN DE VELASCO,0964007079,ROSERO ORBE HUGO GERMAN,SI,-,08H00 A 13H00 - 14H00 A 18H00,09H00 A 13H00,csveintimilla.tulcan@hotmail.com
0.416964,-78.195035,NORTE,IMBABURA,URCUQUI,CRESS,URCUQUI_PRINCIPAL,CENTRO,ANTONIO ANTE S/N Y EUGENIO ESPEJO,0982626260,ANDRADE GUERRERO JAIME ERNESTO,SI,14H00,08H00 A 13H00 - 14H00 A 18H00,08H00 A 12H00,csprincipal.urcuqui@hotmail.com
-1.570523,-79.469163,SUR,LOS RIOS,URDANETA,CRESS,URDANETA_ANTONIO GUERRA,CENTRO,ANTONIO GUERRA Y BARTOLOME BASTIDAS,0969570401,CEDENO MAZAMBA HECTOR JAVIER,SI,11H00,08H30 A 12H30 - 14H00 A 17H30,10H00 A 13H00,csantonioguerra.urdaneta@gmail.com
-0.9525396,-79.3541177,SUR,LOS RIOS,VALENCIA,CONCESION,VALENCIA_GENERAL ENRIQUE GALLO,CENTRO,AV. 13 DE DICIEMBRE Y GENERAL ENRIQUE GALLO MZ 4 REF A 1 METRO DE LA PARADA DE TAXIS VALENTAXIS,0969645250 -052948106,CEDENO MAZAMBA HECTOR JAVIER,SI,11H00,08H00 A 12H30 - 13H30 A 16H00,08H00 A 14H00,csenriquegallo.valencia@gmail.com
-1.439835,-79.461741,SUR,LOS RIOS,VENTANAS,DIRECTO,VENTANAS_PARQUE LA ROTONDA,CENTRO,MALECON S/N ENTRE 9 DE OCTUBRE Y BOLIVAR - FRENTE A LAS PISCINAS DEL MALECON,05-3732000 EXT 5131,CEDENO MAZAMBA HECTOR JAVIER,SI,10H00,08:00 a 12:00 - 14:00 a 18:00,09:00 a 12:00,csparquelalarotonda.ventanas@servientrega.com.ec
0.657850,-79.543342,NORTE,ESMERALDAS,VICHE,CRESS,VICHE_CENTRO,CENTRO,VIA A QUININDE MZ 32 SOLAR 26 SIMON PLATA TORRES,0959068174,VELASCO BAILON NANCY ELIZABETH,SI,14H00,08H00 A 12H00 - 13H00 A 17H30,09H00 A 13H00,cscentro.viche@hotmail.com
-4.25972,-79.22216,SUR,LOJA,VILCABAMBA,CONCESION,VILCABAMBA_AGUA DE HIERRO,SUR,SIMON BOLIVAR S/N Y AGUA DE HIERRO,0962799723,SIERRA HIDALGO CRISTIAN PATRICIO,SI,12H00,08H00 A 12H00 - 14H00 A 17H00,09H00 A 13H00,csaguadehierro.vilcabamba@gmail.com
-1.555970,-79.750623,SUR,LOS RIOS,VINCES,CRESS,VINCES_9 DE OCTUBRE,NORTE,CALLE 9 DE OCTUBRE N 08-0 Y GRAN COLOMBIA REF JUNTO A COMERCIAL ANGELITO,0939953034,ESPIN OVIEDO JOSE EUCLIDES,SI,N/A,09H00 A 13H00 - 14H00 A 16H00,09H00 A 14H00,cscalle9deoctubre.vinces@gmail.com
-1.559784,-79.757294,SUR,LOS RIOS,VINCES,CONCESION,VINCES_OFICINA MAXCITEL,SUR,JAIME ROLDOS Y NICOLAS INFANTE,968523811 - 052-791931,ESPIN OVIEDO JOSE EUCLIDES,SI,11H00,08:00 A 12:00 - 13:00 A 17:00,10:00 A 14:00,csoficinamaxcitel.vinces@gmail.com
-1.568446,-79.751899,SUR,LOS RIOS,VINCES,CRESS,VINCES_TERMINAL DE VINCES,CENTRO,AV. CHE GUEVARA S/N Y CALLE JORGE AVILES FRENTE AL MERCADO MUNICIPAL DE VINCES,0991974488,ESPIN OVIEDO JOSE EUCLIDES,SI,11H30,08H00 A 12H30 - 14H00 A 18H00,10H00 A 14H00,csterminaldevinces.vinces@gmail.com
-2.247166,-78.646983,SUR,GUAYAS,VIRGEN DE FATIMA KM 26,CONCESION,VIRGEN DE FATIMA KM 26_AV. PRINCIPAL,CENTRO,JUAN MONTALVO Y AV. PRINCIPAL,0959295066,LUIS FIERRO FARINO,SI,14H00,08H00 A 12H30 - 13H00 A 17H00,08H00 A 13H00,csavprincipal.virgendefatima@gmail.com
-2.093355,-79.696309,SUR,GUAYAS,YAGUACHI,CONCESION,YAGUACHI_CARRETERO DURAN,CENTRO,AV SEGUNDA 0 Y CARRETERO DURAN,045130033,LUIS FIERRO FARINO,SI,12H00,10H00 A 16H00,NO LABORA,cscarretero.yaguachi@gmail.com
-3.83033,-78.76037,SUR,ZAMORA,YANTZAZA,CONCESION,YANTZAZA_IVAN RIOFRIO,SUR,IVAN RIOFRIO Y MARTIN AYUY,0985726698- 0959749299,SIERRA HIDALGO CRISTIAN PATRICIO,SI,12H00,10H00 A 13H00 - 14H00 A 17:00,10H00 A 13H00,csivanriofrio.yantzaza@gmail.com
-1.689076,-78.675386,NORTE,CHIMBORAZO,YARUQUIES,CONCESION,YARUQUIES_PRINCIPAL,CENTRO,PINTOR CARRILLO S/N Y ELOY ALFARO,0963928131 / 0983233570,CHRISTIAN EDUARDO BARONA RAMIREZ,SI,14H00,08H00 A 18H00,08H00 A 13H00,csprincipal.yaruquies@hotmail.com
-4.066736,-78.951528,SUR,ZAMORA,ZAMORA,CRESS,ZAMORA_MANUELITA CANIZARES,NORTE,MANUELITA CANIZARES Y AV. HEROES DEL PAQUISHA,09-85905381,SIERRA HIDALGO CRISTIAN PATRICIO,SI,11H00,09H00 A 13H00 - 14H00 A 18H00,09H00 A 13H00,csmanuelitacanizares.zamora@gmail.com
-4.38665,-80.244575,SUR,LOJA,ZAPOTILLO,CONCESION,ZAPOTILLO_PALMERAS,SUR,LOJA S/N Y PALMERAS,998066485,SIERRA HIDALGO CRISTIAN PATRICIO,SI,09H00,09H00 A 12H00 - 13H00 A 17H00,09H00 A 12H00,cspalmeras.zapotillo@gmail.com
-3.6909098,-79.6132136,SUR,EL ORO,ZARUMA,CONCESION,ZARUMA_FRENTE AL MIRADOR,NORTE,EL SESMO S/N FRENTE AL MIRADOR,0968523822,RAMIREZ GONZALEZ JUAN CARLOS,SI,14H00,08:00 a 18:00,09:00 A 13:00,csfrentealmirador.zaruma@gmail.com
-4.86266,-79.131568,SUR,ZAMORA,ZUMBA,CRESS,ZUMBA_LOS LIBERTADORES,SUR,LIBERTADORES ORELLANA Y CABO MINACHO ATRAS DE LA IGLESIA ZUMBA,0982324936,SIERRA HIDALGO CRISTIAN PATRICIO,SI,11H00,09H00 A 13H00 - 15H00 A 18H00,NO LABORA,csloslibertdaores.zumba@gmail.com
-3.89418,-78.78056,SUR,ZAMORA,ZUMBI,CRESS,ZUMBI_ANTONIO MARIA ISASI,SUR,AV. ANTONIO MARIA ISASI S/N Y CALLE JAIME ROLDOS AL LADO DE UÑITAS SUSI,0994234409,SIERRA HIDALGO CRISTIAN PATRICIO,NO,11h00,09H00 A 17H00,09H00 A 12H00,csantoniomariaisasi.zumbi@gmail.com
